--------------------------------------------------------
-- Archivo creado  - domingo-junio-05-2022   
--------------------------------------------------------
--------------------------------------------------------
--  DDL for Sequence EXAMEN_ID_SEQ
--------------------------------------------------------

   CREATE SEQUENCE  "PRUEBA"."EXAMEN_ID_SEQ"  MINVALUE 1 MAXVALUE 9999999999999999999999999999 INCREMENT BY 1 START WITH 45 NOCACHE  ORDER  NOCYCLE ;
--------------------------------------------------------
--  DDL for Sequence GRUPO_ID_SEQ
--------------------------------------------------------

   CREATE SEQUENCE  "PRUEBA"."GRUPO_ID_SEQ"  MINVALUE 1 MAXVALUE 9999999999999999999999999999 INCREMENT BY 1 START WITH 15 NOCACHE  ORDER  NOCYCLE ;
--------------------------------------------------------
--  DDL for Sequence HORARIOO_ID_SEQ
--------------------------------------------------------

   CREATE SEQUENCE  "PRUEBA"."HORARIOO_ID_SEQ"  MINVALUE 1 MAXVALUE 9999999999999999999999999999 INCREMENT BY 1 START WITH 1 NOCACHE  ORDER  NOCYCLE ;
--------------------------------------------------------
--  DDL for Sequence OPCION_ID_SEQ
--------------------------------------------------------

   CREATE SEQUENCE  "PRUEBA"."OPCION_ID_SEQ"  MINVALUE 1 MAXVALUE 9999999999999999999999999999 INCREMENT BY 1 START WITH 64 NOCACHE  ORDER  NOCYCLE ;
--------------------------------------------------------
--  DDL for Sequence PLAN_ESTUDIO_ID_SEQ
--------------------------------------------------------

   CREATE SEQUENCE  "PRUEBA"."PLAN_ESTUDIO_ID_SEQ"  MINVALUE 1 MAXVALUE 9999999999999999999999999999 INCREMENT BY 1 START WITH 5 NOCACHE  ORDER  NOCYCLE ;
--------------------------------------------------------
--  DDL for Sequence PREGUNTA_ID_SEQ
--------------------------------------------------------

   CREATE SEQUENCE  "PRUEBA"."PREGUNTA_ID_SEQ"  MINVALUE 1 MAXVALUE 9999999999999999999999999999 INCREMENT BY 1 START WITH 62 NOCACHE  ORDER  NOCYCLE ;
--------------------------------------------------------
--  DDL for Sequence PRIVACIDAD_ID_SEQ
--------------------------------------------------------

   CREATE SEQUENCE  "PRUEBA"."PRIVACIDAD_ID_SEQ"  MINVALUE 1 MAXVALUE 9999999999999999999999999999 INCREMENT BY 1 START WITH 2 NOCACHE  ORDER  NOCYCLE ;
--------------------------------------------------------
--  DDL for Sequence RESPUESTA_ID_SEQ
--------------------------------------------------------

   CREATE SEQUENCE  "PRUEBA"."RESPUESTA_ID_SEQ"  MINVALUE 1 MAXVALUE 9999999999999999999999999999 INCREMENT BY 1 START WITH 115 NOCACHE  ORDER  NOCYCLE ;
--------------------------------------------------------
--  DDL for Sequence RESPUESTAS_IDRESPUESTA_SEQ
--------------------------------------------------------

   CREATE SEQUENCE  "PRUEBA"."RESPUESTAS_IDRESPUESTA_SEQ"  MINVALUE 1 MAXVALUE 9999999999999999999999999999 INCREMENT BY 1 START WITH 185 NOCACHE  ORDER  NOCYCLE ;
--------------------------------------------------------
--  DDL for Sequence ROL_ID_SEQ
--------------------------------------------------------

   CREATE SEQUENCE  "PRUEBA"."ROL_ID_SEQ"  MINVALUE 1 MAXVALUE 9999999999999999999999999999 INCREMENT BY 1 START WITH 2 NOCACHE  ORDER  NOCYCLE ;
--------------------------------------------------------
--  DDL for Sequence TEMA_ID_SEQ
--------------------------------------------------------

   CREATE SEQUENCE  "PRUEBA"."TEMA_ID_SEQ"  MINVALUE 1 MAXVALUE 9999999999999999999999999999 INCREMENT BY 1 START WITH 6 NOCACHE  ORDER  NOCYCLE ;
--------------------------------------------------------
--  DDL for Sequence TIPO_PREGUNTA_ID_SEQ
--------------------------------------------------------

   CREATE SEQUENCE  "PRUEBA"."TIPO_PREGUNTA_ID_SEQ"  MINVALUE 1 MAXVALUE 9999999999999999999999999999 INCREMENT BY 1 START WITH 2 NOCACHE  ORDER  NOCYCLE ;
--------------------------------------------------------
--  DDL for Table ASIGNATURA
--------------------------------------------------------

  CREATE TABLE "PRUEBA"."ASIGNATURA" 
   (	"IDASIGNATURA" NUMBER(*,0), 
	"PLAN_ESTUDIO_ID" NUMBER(*,0)
   ) SEGMENT CREATION IMMEDIATE 
  PCTFREE 10 PCTUSED 40 INITRANS 1 MAXTRANS 255 NOCOMPRESS LOGGING
  STORAGE(INITIAL 65536 NEXT 1048576 MINEXTENTS 1 MAXEXTENTS 2147483645
  PCTINCREASE 0 FREELISTS 1 FREELIST GROUPS 1 BUFFER_POOL DEFAULT FLASH_CACHE DEFAULT CELL_FLASH_CACHE DEFAULT)
  TABLESPACE "USERS" ;
--------------------------------------------------------
--  DDL for Table BANCO
--------------------------------------------------------

  CREATE TABLE "PRUEBA"."BANCO" 
   (	"EXAMEN_ID" NUMBER(*,0), 
	"PREGUNTA_ID" NUMBER(*,0)
   ) SEGMENT CREATION IMMEDIATE 
  PCTFREE 10 PCTUSED 40 INITRANS 1 MAXTRANS 255 NOCOMPRESS LOGGING
  STORAGE(INITIAL 65536 NEXT 1048576 MINEXTENTS 1 MAXEXTENTS 2147483645
  PCTINCREASE 0 FREELISTS 1 FREELIST GROUPS 1 BUFFER_POOL DEFAULT FLASH_CACHE DEFAULT CELL_FLASH_CACHE DEFAULT)
  TABLESPACE "USERS" ;
--------------------------------------------------------
--  DDL for Table DOCENTE
--------------------------------------------------------

  CREATE TABLE "PRUEBA"."DOCENTE" 
   (	"PERSONA_IDENTIFICACION" NUMBER(*,0), 
	"SUELDO" NUMBER
   ) SEGMENT CREATION IMMEDIATE 
  PCTFREE 10 PCTUSED 40 INITRANS 1 MAXTRANS 255 NOCOMPRESS LOGGING
  STORAGE(INITIAL 65536 NEXT 1048576 MINEXTENTS 1 MAXEXTENTS 2147483645
  PCTINCREASE 0 FREELISTS 1 FREELIST GROUPS 1 BUFFER_POOL DEFAULT FLASH_CACHE DEFAULT CELL_FLASH_CACHE DEFAULT)
  TABLESPACE "USERS" ;
--------------------------------------------------------
--  DDL for Table ESTUDIANTE
--------------------------------------------------------

  CREATE TABLE "PRUEBA"."ESTUDIANTE" 
   (	"PERSONA_IDENTIFICACION" NUMBER(*,0), 
	"SEMESTREACTUAL" VARCHAR2(40 BYTE)
   ) SEGMENT CREATION IMMEDIATE 
  PCTFREE 10 PCTUSED 40 INITRANS 1 MAXTRANS 255 NOCOMPRESS LOGGING
  STORAGE(INITIAL 65536 NEXT 1048576 MINEXTENTS 1 MAXEXTENTS 2147483645
  PCTINCREASE 0 FREELISTS 1 FREELIST GROUPS 1 BUFFER_POOL DEFAULT FLASH_CACHE DEFAULT CELL_FLASH_CACHE DEFAULT)
  TABLESPACE "USERS" ;
--------------------------------------------------------
--  DDL for Table ESTUDIANTE_EXAMEN
--------------------------------------------------------

  CREATE TABLE "PRUEBA"."ESTUDIANTE_EXAMEN" 
   (	"ESTUDIANTE_IDENTIFICACION" NUMBER(*,0), 
	"EXAMENEST_ID" NUMBER(*,0), 
	"CALIFICACION" NUMBER, 
	"TIEMPO" VARCHAR2(50 BYTE), 
	"FECHA" VARCHAR2(50 BYTE), 
	"IP" VARCHAR2(100 BYTE)
   ) SEGMENT CREATION IMMEDIATE 
  PCTFREE 10 PCTUSED 40 INITRANS 1 MAXTRANS 255 NOCOMPRESS LOGGING
  STORAGE(INITIAL 65536 NEXT 1048576 MINEXTENTS 1 MAXEXTENTS 2147483645
  PCTINCREASE 0 FREELISTS 1 FREELIST GROUPS 1 BUFFER_POOL DEFAULT FLASH_CACHE DEFAULT CELL_FLASH_CACHE DEFAULT)
  TABLESPACE "USERS" ;
--------------------------------------------------------
--  DDL for Table ESTUDIANTE_EXAMEN_BANCO
--------------------------------------------------------

  CREATE TABLE "PRUEBA"."ESTUDIANTE_EXAMEN_BANCO" 
   (	"EXAMENEST_ID" NUMBER(*,0), 
	"ESTEXA_ESTUDIANTE_ID" NUMBER(*,0), 
	"BANCO_EXAMEN_ID" NUMBER(*,0), 
	"BANCO_PREGUNTA_ID" NUMBER(*,0)
   ) SEGMENT CREATION IMMEDIATE 
  PCTFREE 10 PCTUSED 40 INITRANS 1 MAXTRANS 255 NOCOMPRESS LOGGING
  STORAGE(INITIAL 65536 NEXT 1048576 MINEXTENTS 1 MAXEXTENTS 2147483645
  PCTINCREASE 0 FREELISTS 1 FREELIST GROUPS 1 BUFFER_POOL DEFAULT FLASH_CACHE DEFAULT CELL_FLASH_CACHE DEFAULT)
  TABLESPACE "USERS" ;
--------------------------------------------------------
--  DDL for Table ESTUDIANTE_GRUPO
--------------------------------------------------------

  CREATE TABLE "PRUEBA"."ESTUDIANTE_GRUPO" 
   (	"ESTUDIANTE_IDENTIFICACION" NUMBER(*,0), 
	"GRUPO_ID" NUMBER(*,0)
   ) SEGMENT CREATION IMMEDIATE 
  PCTFREE 10 PCTUSED 40 INITRANS 1 MAXTRANS 255 NOCOMPRESS LOGGING
  STORAGE(INITIAL 65536 NEXT 1048576 MINEXTENTS 1 MAXEXTENTS 2147483645
  PCTINCREASE 0 FREELISTS 1 FREELIST GROUPS 1 BUFFER_POOL DEFAULT FLASH_CACHE DEFAULT CELL_FLASH_CACHE DEFAULT)
  TABLESPACE "USERS" ;
--------------------------------------------------------
--  DDL for Table EXAMEN
--------------------------------------------------------

  CREATE TABLE "PRUEBA"."EXAMEN" 
   (	"ID" NUMBER(*,0), 
	"DOCENTE_PERSONA_IDENTIFICACION" NUMBER(*,0), 
	"FECHA_INCIO" VARCHAR2(11 BYTE), 
	"FECHA_FIN" VARCHAR2(11 BYTE), 
	"NUMERO_PREGUNTAS" NUMBER(*,0), 
	"TIEMPO_MINUTOS" NUMBER, 
	"PESOPORCETAJE" FLOAT(126), 
	"UMBRAL" FLOAT(126), 
	"ID_TEMA" NUMBER, 
	"ID_GRUPO" NUMBER
   ) SEGMENT CREATION IMMEDIATE 
  PCTFREE 10 PCTUSED 40 INITRANS 1 MAXTRANS 255 NOCOMPRESS LOGGING
  STORAGE(INITIAL 65536 NEXT 1048576 MINEXTENTS 1 MAXEXTENTS 2147483645
  PCTINCREASE 0 FREELISTS 1 FREELIST GROUPS 1 BUFFER_POOL DEFAULT FLASH_CACHE DEFAULT CELL_FLASH_CACHE DEFAULT)
  TABLESPACE "USERS" ;
--------------------------------------------------------
--  DDL for Table GRUPO
--------------------------------------------------------

  CREATE TABLE "PRUEBA"."GRUPO" 
   (	"ID" NUMBER(*,0), 
	"DOCENTE_PERSONA_IDENTIFICACION" NUMBER(*,0), 
	"ASIGNATURA_IDASIGNATURA" NUMBER(*,0), 
	"NOMBRE" VARCHAR2(150 BYTE)
   ) SEGMENT CREATION IMMEDIATE 
  PCTFREE 10 PCTUSED 40 INITRANS 1 MAXTRANS 255 NOCOMPRESS LOGGING
  STORAGE(INITIAL 65536 NEXT 1048576 MINEXTENTS 1 MAXEXTENTS 2147483645
  PCTINCREASE 0 FREELISTS 1 FREELIST GROUPS 1 BUFFER_POOL DEFAULT FLASH_CACHE DEFAULT CELL_FLASH_CACHE DEFAULT)
  TABLESPACE "USERS" ;
--------------------------------------------------------
--  DDL for Table HORARIOO
--------------------------------------------------------

  CREATE TABLE "PRUEBA"."HORARIOO" 
   (	"ID" NUMBER(*,0), 
	"HORA_INI" DATE, 
	"HORA_FIN" DATE, 
	"NUMERO_SALON" VARCHAR2(50 BYTE), 
	"GRUPO_ID" NUMBER(*,0)
   ) SEGMENT CREATION IMMEDIATE 
  PCTFREE 10 PCTUSED 40 INITRANS 1 MAXTRANS 255 NOCOMPRESS LOGGING
  STORAGE(INITIAL 65536 NEXT 1048576 MINEXTENTS 1 MAXEXTENTS 2147483645
  PCTINCREASE 0 FREELISTS 1 FREELIST GROUPS 1 BUFFER_POOL DEFAULT FLASH_CACHE DEFAULT CELL_FLASH_CACHE DEFAULT)
  TABLESPACE "USERS" ;
--------------------------------------------------------
--  DDL for Table OPCION
--------------------------------------------------------

  CREATE TABLE "PRUEBA"."OPCION" 
   (	"ID" NUMBER(*,0), 
	"OPCION" VARCHAR2(120 BYTE), 
	"PREGUNTA_ID" NUMBER(*,0)
   ) SEGMENT CREATION IMMEDIATE 
  PCTFREE 10 PCTUSED 40 INITRANS 1 MAXTRANS 255 NOCOMPRESS LOGGING
  STORAGE(INITIAL 65536 NEXT 1048576 MINEXTENTS 1 MAXEXTENTS 2147483645
  PCTINCREASE 0 FREELISTS 1 FREELIST GROUPS 1 BUFFER_POOL DEFAULT FLASH_CACHE DEFAULT CELL_FLASH_CACHE DEFAULT)
  TABLESPACE "USERS" ;
--------------------------------------------------------
--  DDL for Table PERSONA
--------------------------------------------------------

  CREATE TABLE "PRUEBA"."PERSONA" 
   (	"IDENTIFICACION" NUMBER(*,0), 
	"NOMBRE" VARCHAR2(240 BYTE), 
	"APELLIDO_MATERNO" VARCHAR2(120 BYTE), 
	"APELLIDO_PATERNO" VARCHAR2(120 BYTE), 
	"EMAIL" VARCHAR2(240 BYTE), 
	"CLAVE" VARCHAR2(50 BYTE), 
	"ROL_ID" NUMBER(*,0)
   ) SEGMENT CREATION IMMEDIATE 
  PCTFREE 10 PCTUSED 40 INITRANS 1 MAXTRANS 255 NOCOMPRESS LOGGING
  STORAGE(INITIAL 65536 NEXT 1048576 MINEXTENTS 1 MAXEXTENTS 2147483645
  PCTINCREASE 0 FREELISTS 1 FREELIST GROUPS 1 BUFFER_POOL DEFAULT FLASH_CACHE DEFAULT CELL_FLASH_CACHE DEFAULT)
  TABLESPACE "USERS" ;
--------------------------------------------------------
--  DDL for Table PLAN_ESTUDIO
--------------------------------------------------------

  CREATE TABLE "PRUEBA"."PLAN_ESTUDIO" 
   (	"ID" NUMBER(*,0), 
	"UNIDADES" NUMBER(*,0), 
	"CONTENIDO" VARCHAR2(240 BYTE)
   ) SEGMENT CREATION IMMEDIATE 
  PCTFREE 10 PCTUSED 40 INITRANS 1 MAXTRANS 255 NOCOMPRESS LOGGING
  STORAGE(INITIAL 65536 NEXT 1048576 MINEXTENTS 1 MAXEXTENTS 2147483645
  PCTINCREASE 0 FREELISTS 1 FREELIST GROUPS 1 BUFFER_POOL DEFAULT FLASH_CACHE DEFAULT CELL_FLASH_CACHE DEFAULT)
  TABLESPACE "USERS" ;
--------------------------------------------------------
--  DDL for Table PREGUNTA
--------------------------------------------------------

  CREATE TABLE "PRUEBA"."PREGUNTA" 
   (	"ID" NUMBER(*,0), 
	"ENUNCIADO" VARCHAR2(240 BYTE), 
	"TIPO_PREGUNTA_ID" NUMBER(*,0), 
	"PRIVACIDAD_ID" NUMBER(*,0), 
	"TEMA_ID" NUMBER(*,0), 
	"DOCENTE_PERSONA_IDENTIFICACION" NUMBER(*,0), 
	"PREGUNTA_ID" NUMBER(*,0)
   ) SEGMENT CREATION IMMEDIATE 
  PCTFREE 10 PCTUSED 40 INITRANS 1 MAXTRANS 255 NOCOMPRESS LOGGING
  STORAGE(INITIAL 65536 NEXT 1048576 MINEXTENTS 1 MAXEXTENTS 2147483645
  PCTINCREASE 0 FREELISTS 1 FREELIST GROUPS 1 BUFFER_POOL DEFAULT FLASH_CACHE DEFAULT CELL_FLASH_CACHE DEFAULT)
  TABLESPACE "USERS" ;
--------------------------------------------------------
--  DDL for Table PRIVACIDAD
--------------------------------------------------------

  CREATE TABLE "PRUEBA"."PRIVACIDAD" 
   (	"ID" NUMBER(*,0), 
	"TIPO" VARCHAR2(120 BYTE)
   ) SEGMENT CREATION IMMEDIATE 
  PCTFREE 10 PCTUSED 40 INITRANS 1 MAXTRANS 255 NOCOMPRESS LOGGING
  STORAGE(INITIAL 65536 NEXT 1048576 MINEXTENTS 1 MAXEXTENTS 2147483645
  PCTINCREASE 0 FREELISTS 1 FREELIST GROUPS 1 BUFFER_POOL DEFAULT FLASH_CACHE DEFAULT CELL_FLASH_CACHE DEFAULT)
  TABLESPACE "USERS" ;
--------------------------------------------------------
--  DDL for Table RESPUESTA
--------------------------------------------------------

  CREATE TABLE "PRUEBA"."RESPUESTA" 
   (	"ID" NUMBER(*,0), 
	"RESPUESTA" VARCHAR2(240 BYTE), 
	"PREGUNTA_ID" NUMBER(*,0)
   ) SEGMENT CREATION IMMEDIATE 
  PCTFREE 10 PCTUSED 40 INITRANS 1 MAXTRANS 255 NOCOMPRESS LOGGING
  STORAGE(INITIAL 65536 NEXT 1048576 MINEXTENTS 1 MAXEXTENTS 2147483645
  PCTINCREASE 0 FREELISTS 1 FREELIST GROUPS 1 BUFFER_POOL DEFAULT FLASH_CACHE DEFAULT CELL_FLASH_CACHE DEFAULT)
  TABLESPACE "USERS" ;
--------------------------------------------------------
--  DDL for Table RESPUESTAS
--------------------------------------------------------

  CREATE TABLE "PRUEBA"."RESPUESTAS" 
   (	"IDRESPUESTA" NUMBER(*,0), 
	"OPCION_ID" NUMBER(*,0), 
	"ESTEXBAN_EXAMENEST_ID" NUMBER(*,0), 
	"ESTEXBAN_ESTEXA_ESTUDIANTE_ID" NUMBER(*,0), 
	"ESTEXBAN_BANCO_EXAMEN_ID" NUMBER(*,0), 
	"ESTEXBAN_BANCO_PREGUNTA_ID" NUMBER(*,0), 
	"RESPUESTA" VARCHAR2(254 BYTE)
   ) SEGMENT CREATION IMMEDIATE 
  PCTFREE 10 PCTUSED 40 INITRANS 1 MAXTRANS 255 NOCOMPRESS LOGGING
  STORAGE(INITIAL 65536 NEXT 1048576 MINEXTENTS 1 MAXEXTENTS 2147483645
  PCTINCREASE 0 FREELISTS 1 FREELIST GROUPS 1 BUFFER_POOL DEFAULT FLASH_CACHE DEFAULT CELL_FLASH_CACHE DEFAULT)
  TABLESPACE "USERS" ;
--------------------------------------------------------
--  DDL for Table ROL
--------------------------------------------------------

  CREATE TABLE "PRUEBA"."ROL" 
   (	"ID" NUMBER(*,0), 
	"NOMBRE" VARCHAR2(50 BYTE)
   ) SEGMENT CREATION IMMEDIATE 
  PCTFREE 10 PCTUSED 40 INITRANS 1 MAXTRANS 255 NOCOMPRESS LOGGING
  STORAGE(INITIAL 65536 NEXT 1048576 MINEXTENTS 1 MAXEXTENTS 2147483645
  PCTINCREASE 0 FREELISTS 1 FREELIST GROUPS 1 BUFFER_POOL DEFAULT FLASH_CACHE DEFAULT CELL_FLASH_CACHE DEFAULT)
  TABLESPACE "USERS" ;
--------------------------------------------------------
--  DDL for Table TEMA
--------------------------------------------------------

  CREATE TABLE "PRUEBA"."TEMA" 
   (	"ID" NUMBER(*,0), 
	"NOMBRE" VARCHAR2(120 BYTE), 
	"PLAN_ESTUDIO_ID" NUMBER(*,0)
   ) SEGMENT CREATION IMMEDIATE 
  PCTFREE 10 PCTUSED 40 INITRANS 1 MAXTRANS 255 NOCOMPRESS LOGGING
  STORAGE(INITIAL 65536 NEXT 1048576 MINEXTENTS 1 MAXEXTENTS 2147483645
  PCTINCREASE 0 FREELISTS 1 FREELIST GROUPS 1 BUFFER_POOL DEFAULT FLASH_CACHE DEFAULT CELL_FLASH_CACHE DEFAULT)
  TABLESPACE "USERS" ;
--------------------------------------------------------
--  DDL for Table TIPO_PREGUNTA
--------------------------------------------------------

  CREATE TABLE "PRUEBA"."TIPO_PREGUNTA" 
   (	"ID" NUMBER(*,0), 
	"TIPO" VARCHAR2(120 BYTE)
   ) SEGMENT CREATION IMMEDIATE 
  PCTFREE 10 PCTUSED 40 INITRANS 1 MAXTRANS 255 NOCOMPRESS LOGGING
  STORAGE(INITIAL 65536 NEXT 1048576 MINEXTENTS 1 MAXEXTENTS 2147483645
  PCTINCREASE 0 FREELISTS 1 FREELIST GROUPS 1 BUFFER_POOL DEFAULT FLASH_CACHE DEFAULT CELL_FLASH_CACHE DEFAULT)
  TABLESPACE "USERS" ;
--------------------------------------------------------
--  DDL for View CONSULTAP1
--------------------------------------------------------

  CREATE OR REPLACE FORCE VIEW "PRUEBA"."CONSULTAP1" ("FECHA", "NOMBRE", "IDENTIFICACION", "SEMESTREACTUAL", "CALIFICACION", "TIEMPO", "IP") AS 
  select ee.fecha,p.nombre,p.identificacion,e.semestreactual,ee.calificacion,ee.tiempo,ee.ip from estudiante_examen ee join persona p on ee.estudiante_identificacion = p.identificacion 
join estudiante e on p.identificacion = e.persona_identificacion where ee.examenest_id = 36 and ee.calificacion is not null
;
--------------------------------------------------------
--  DDL for View CONSULTA1
--------------------------------------------------------

  CREATE OR REPLACE FORCE VIEW "PRUEBA"."CONSULTA1" ("FECHA", "NOMBRE", "IDENTIFICACION", "SEMESTREACTUAL", "CALIFICACION", "TIEMPO", "IP") AS 
  select ee.fecha,p.nombre,p.identificacion,e.semestreactual,ee.calificacion,ee.tiempo,ee.ip from estudiante_examen ee join persona p on ee.estudiante_identificacion = p.identificacion 
join estudiante e on p.identificacion = e.persona_identificacion where ee.examenest_id = 36
;
REM INSERTING into PRUEBA.ASIGNATURA
SET DEFINE OFF;
Insert into PRUEBA.ASIGNATURA (IDASIGNATURA,PLAN_ESTUDIO_ID) values ('1','1');
Insert into PRUEBA.ASIGNATURA (IDASIGNATURA,PLAN_ESTUDIO_ID) values ('3','5');
Insert into PRUEBA.ASIGNATURA (IDASIGNATURA,PLAN_ESTUDIO_ID) values ('2','6');
Insert into PRUEBA.ASIGNATURA (IDASIGNATURA,PLAN_ESTUDIO_ID) values ('4','8');
Insert into PRUEBA.ASIGNATURA (IDASIGNATURA,PLAN_ESTUDIO_ID) values ('5','9');
REM INSERTING into PRUEBA.BANCO
SET DEFINE OFF;
Insert into PRUEBA.BANCO (EXAMEN_ID,PREGUNTA_ID) values ('41','38');
Insert into PRUEBA.BANCO (EXAMEN_ID,PREGUNTA_ID) values ('41','43');
Insert into PRUEBA.BANCO (EXAMEN_ID,PREGUNTA_ID) values ('41','49');
Insert into PRUEBA.BANCO (EXAMEN_ID,PREGUNTA_ID) values ('41','54');
Insert into PRUEBA.BANCO (EXAMEN_ID,PREGUNTA_ID) values ('41','55');
Insert into PRUEBA.BANCO (EXAMEN_ID,PREGUNTA_ID) values ('41','56');
Insert into PRUEBA.BANCO (EXAMEN_ID,PREGUNTA_ID) values ('41','57');
Insert into PRUEBA.BANCO (EXAMEN_ID,PREGUNTA_ID) values ('42','11');
Insert into PRUEBA.BANCO (EXAMEN_ID,PREGUNTA_ID) values ('42','12');
Insert into PRUEBA.BANCO (EXAMEN_ID,PREGUNTA_ID) values ('42','13');
Insert into PRUEBA.BANCO (EXAMEN_ID,PREGUNTA_ID) values ('42','14');
Insert into PRUEBA.BANCO (EXAMEN_ID,PREGUNTA_ID) values ('42','15');
Insert into PRUEBA.BANCO (EXAMEN_ID,PREGUNTA_ID) values ('42','16');
Insert into PRUEBA.BANCO (EXAMEN_ID,PREGUNTA_ID) values ('42','17');
Insert into PRUEBA.BANCO (EXAMEN_ID,PREGUNTA_ID) values ('42','18');
Insert into PRUEBA.BANCO (EXAMEN_ID,PREGUNTA_ID) values ('42','48');
REM INSERTING into PRUEBA.DOCENTE
SET DEFINE OFF;
Insert into PRUEBA.DOCENTE (PERSONA_IDENTIFICACION,SUELDO) values ('7','4500000');
Insert into PRUEBA.DOCENTE (PERSONA_IDENTIFICACION,SUELDO) values ('8','5500000');
Insert into PRUEBA.DOCENTE (PERSONA_IDENTIFICACION,SUELDO) values ('1005094694','500000');
Insert into PRUEBA.DOCENTE (PERSONA_IDENTIFICACION,SUELDO) values ('2','1000000');
Insert into PRUEBA.DOCENTE (PERSONA_IDENTIFICACION,SUELDO) values ('4','1500000');
Insert into PRUEBA.DOCENTE (PERSONA_IDENTIFICACION,SUELDO) values ('6','3000000');
REM INSERTING into PRUEBA.ESTUDIANTE
SET DEFINE OFF;
Insert into PRUEBA.ESTUDIANTE (PERSONA_IDENTIFICACION,SEMESTREACTUAL) values ('9','10');
Insert into PRUEBA.ESTUDIANTE (PERSONA_IDENTIFICACION,SEMESTREACTUAL) values ('1005086867','7');
Insert into PRUEBA.ESTUDIANTE (PERSONA_IDENTIFICACION,SEMESTREACTUAL) values ('123','7');
Insert into PRUEBA.ESTUDIANTE (PERSONA_IDENTIFICACION,SEMESTREACTUAL) values ('1','5');
Insert into PRUEBA.ESTUDIANTE (PERSONA_IDENTIFICACION,SEMESTREACTUAL) values ('3','9');
Insert into PRUEBA.ESTUDIANTE (PERSONA_IDENTIFICACION,SEMESTREACTUAL) values ('5','2');
REM INSERTING into PRUEBA.ESTUDIANTE_EXAMEN
SET DEFINE OFF;
Insert into PRUEBA.ESTUDIANTE_EXAMEN (ESTUDIANTE_IDENTIFICACION,EXAMENEST_ID,CALIFICACION,TIEMPO,FECHA,IP) values ('3','42','5','0:0:44','2022-06-05T22:48:39.059','192.168.56.1');
Insert into PRUEBA.ESTUDIANTE_EXAMEN (ESTUDIANTE_IDENTIFICACION,EXAMENEST_ID,CALIFICACION,TIEMPO,FECHA,IP) values ('5','42','3','0:1:14','2022-06-05T22:45:09.463','192.168.56.1');
Insert into PRUEBA.ESTUDIANTE_EXAMEN (ESTUDIANTE_IDENTIFICACION,EXAMENEST_ID,CALIFICACION,TIEMPO,FECHA,IP) values ('1005086867','42','0','0:0:19','2022-06-05T22:54:17.946','192.168.56.1');
Insert into PRUEBA.ESTUDIANTE_EXAMEN (ESTUDIANTE_IDENTIFICACION,EXAMENEST_ID,CALIFICACION,TIEMPO,FECHA,IP) values ('9','41','4','0:0:27','2022-06-05T20:40:04.168','192.168.1.142');
Insert into PRUEBA.ESTUDIANTE_EXAMEN (ESTUDIANTE_IDENTIFICACION,EXAMENEST_ID,CALIFICACION,TIEMPO,FECHA,IP) values ('123','41','2','0:1:36','2022-06-05T21:06:28.749','192.168.1.142');
Insert into PRUEBA.ESTUDIANTE_EXAMEN (ESTUDIANTE_IDENTIFICACION,EXAMENEST_ID,CALIFICACION,TIEMPO,FECHA,IP) values ('1005086867','41','0','0:0:35','2022-06-05T21:01:55.652','192.168.1.142');
REM INSERTING into PRUEBA.ESTUDIANTE_EXAMEN_BANCO
SET DEFINE OFF;
Insert into PRUEBA.ESTUDIANTE_EXAMEN_BANCO (EXAMENEST_ID,ESTEXA_ESTUDIANTE_ID,BANCO_EXAMEN_ID,BANCO_PREGUNTA_ID) values ('41','9','41','38');
Insert into PRUEBA.ESTUDIANTE_EXAMEN_BANCO (EXAMENEST_ID,ESTEXA_ESTUDIANTE_ID,BANCO_EXAMEN_ID,BANCO_PREGUNTA_ID) values ('41','9','41','43');
Insert into PRUEBA.ESTUDIANTE_EXAMEN_BANCO (EXAMENEST_ID,ESTEXA_ESTUDIANTE_ID,BANCO_EXAMEN_ID,BANCO_PREGUNTA_ID) values ('41','9','41','49');
Insert into PRUEBA.ESTUDIANTE_EXAMEN_BANCO (EXAMENEST_ID,ESTEXA_ESTUDIANTE_ID,BANCO_EXAMEN_ID,BANCO_PREGUNTA_ID) values ('41','9','41','54');
Insert into PRUEBA.ESTUDIANTE_EXAMEN_BANCO (EXAMENEST_ID,ESTEXA_ESTUDIANTE_ID,BANCO_EXAMEN_ID,BANCO_PREGUNTA_ID) values ('41','9','41','55');
Insert into PRUEBA.ESTUDIANTE_EXAMEN_BANCO (EXAMENEST_ID,ESTEXA_ESTUDIANTE_ID,BANCO_EXAMEN_ID,BANCO_PREGUNTA_ID) values ('41','123','41','38');
Insert into PRUEBA.ESTUDIANTE_EXAMEN_BANCO (EXAMENEST_ID,ESTEXA_ESTUDIANTE_ID,BANCO_EXAMEN_ID,BANCO_PREGUNTA_ID) values ('41','123','41','43');
Insert into PRUEBA.ESTUDIANTE_EXAMEN_BANCO (EXAMENEST_ID,ESTEXA_ESTUDIANTE_ID,BANCO_EXAMEN_ID,BANCO_PREGUNTA_ID) values ('41','123','41','49');
Insert into PRUEBA.ESTUDIANTE_EXAMEN_BANCO (EXAMENEST_ID,ESTEXA_ESTUDIANTE_ID,BANCO_EXAMEN_ID,BANCO_PREGUNTA_ID) values ('41','123','41','56');
Insert into PRUEBA.ESTUDIANTE_EXAMEN_BANCO (EXAMENEST_ID,ESTEXA_ESTUDIANTE_ID,BANCO_EXAMEN_ID,BANCO_PREGUNTA_ID) values ('41','123','41','57');
Insert into PRUEBA.ESTUDIANTE_EXAMEN_BANCO (EXAMENEST_ID,ESTEXA_ESTUDIANTE_ID,BANCO_EXAMEN_ID,BANCO_PREGUNTA_ID) values ('41','1005086867','41','38');
Insert into PRUEBA.ESTUDIANTE_EXAMEN_BANCO (EXAMENEST_ID,ESTEXA_ESTUDIANTE_ID,BANCO_EXAMEN_ID,BANCO_PREGUNTA_ID) values ('41','1005086867','41','43');
Insert into PRUEBA.ESTUDIANTE_EXAMEN_BANCO (EXAMENEST_ID,ESTEXA_ESTUDIANTE_ID,BANCO_EXAMEN_ID,BANCO_PREGUNTA_ID) values ('41','1005086867','41','55');
Insert into PRUEBA.ESTUDIANTE_EXAMEN_BANCO (EXAMENEST_ID,ESTEXA_ESTUDIANTE_ID,BANCO_EXAMEN_ID,BANCO_PREGUNTA_ID) values ('41','1005086867','41','56');
Insert into PRUEBA.ESTUDIANTE_EXAMEN_BANCO (EXAMENEST_ID,ESTEXA_ESTUDIANTE_ID,BANCO_EXAMEN_ID,BANCO_PREGUNTA_ID) values ('41','1005086867','41','57');
Insert into PRUEBA.ESTUDIANTE_EXAMEN_BANCO (EXAMENEST_ID,ESTEXA_ESTUDIANTE_ID,BANCO_EXAMEN_ID,BANCO_PREGUNTA_ID) values ('42','3','42','11');
Insert into PRUEBA.ESTUDIANTE_EXAMEN_BANCO (EXAMENEST_ID,ESTEXA_ESTUDIANTE_ID,BANCO_EXAMEN_ID,BANCO_PREGUNTA_ID) values ('42','3','42','14');
Insert into PRUEBA.ESTUDIANTE_EXAMEN_BANCO (EXAMENEST_ID,ESTEXA_ESTUDIANTE_ID,BANCO_EXAMEN_ID,BANCO_PREGUNTA_ID) values ('42','3','42','15');
Insert into PRUEBA.ESTUDIANTE_EXAMEN_BANCO (EXAMENEST_ID,ESTEXA_ESTUDIANTE_ID,BANCO_EXAMEN_ID,BANCO_PREGUNTA_ID) values ('42','3','42','17');
Insert into PRUEBA.ESTUDIANTE_EXAMEN_BANCO (EXAMENEST_ID,ESTEXA_ESTUDIANTE_ID,BANCO_EXAMEN_ID,BANCO_PREGUNTA_ID) values ('42','3','42','18');
Insert into PRUEBA.ESTUDIANTE_EXAMEN_BANCO (EXAMENEST_ID,ESTEXA_ESTUDIANTE_ID,BANCO_EXAMEN_ID,BANCO_PREGUNTA_ID) values ('42','5','42','11');
Insert into PRUEBA.ESTUDIANTE_EXAMEN_BANCO (EXAMENEST_ID,ESTEXA_ESTUDIANTE_ID,BANCO_EXAMEN_ID,BANCO_PREGUNTA_ID) values ('42','5','42','12');
Insert into PRUEBA.ESTUDIANTE_EXAMEN_BANCO (EXAMENEST_ID,ESTEXA_ESTUDIANTE_ID,BANCO_EXAMEN_ID,BANCO_PREGUNTA_ID) values ('42','5','42','14');
Insert into PRUEBA.ESTUDIANTE_EXAMEN_BANCO (EXAMENEST_ID,ESTEXA_ESTUDIANTE_ID,BANCO_EXAMEN_ID,BANCO_PREGUNTA_ID) values ('42','5','42','17');
Insert into PRUEBA.ESTUDIANTE_EXAMEN_BANCO (EXAMENEST_ID,ESTEXA_ESTUDIANTE_ID,BANCO_EXAMEN_ID,BANCO_PREGUNTA_ID) values ('42','5','42','48');
Insert into PRUEBA.ESTUDIANTE_EXAMEN_BANCO (EXAMENEST_ID,ESTEXA_ESTUDIANTE_ID,BANCO_EXAMEN_ID,BANCO_PREGUNTA_ID) values ('42','1005086867','42','11');
Insert into PRUEBA.ESTUDIANTE_EXAMEN_BANCO (EXAMENEST_ID,ESTEXA_ESTUDIANTE_ID,BANCO_EXAMEN_ID,BANCO_PREGUNTA_ID) values ('42','1005086867','42','12');
Insert into PRUEBA.ESTUDIANTE_EXAMEN_BANCO (EXAMENEST_ID,ESTEXA_ESTUDIANTE_ID,BANCO_EXAMEN_ID,BANCO_PREGUNTA_ID) values ('42','1005086867','42','16');
Insert into PRUEBA.ESTUDIANTE_EXAMEN_BANCO (EXAMENEST_ID,ESTEXA_ESTUDIANTE_ID,BANCO_EXAMEN_ID,BANCO_PREGUNTA_ID) values ('42','1005086867','42','17');
Insert into PRUEBA.ESTUDIANTE_EXAMEN_BANCO (EXAMENEST_ID,ESTEXA_ESTUDIANTE_ID,BANCO_EXAMEN_ID,BANCO_PREGUNTA_ID) values ('42','1005086867','42','48');
REM INSERTING into PRUEBA.ESTUDIANTE_GRUPO
SET DEFINE OFF;
Insert into PRUEBA.ESTUDIANTE_GRUPO (ESTUDIANTE_IDENTIFICACION,GRUPO_ID) values ('3','5');
Insert into PRUEBA.ESTUDIANTE_GRUPO (ESTUDIANTE_IDENTIFICACION,GRUPO_ID) values ('3','6');
Insert into PRUEBA.ESTUDIANTE_GRUPO (ESTUDIANTE_IDENTIFICACION,GRUPO_ID) values ('3','7');
Insert into PRUEBA.ESTUDIANTE_GRUPO (ESTUDIANTE_IDENTIFICACION,GRUPO_ID) values ('3','8');
Insert into PRUEBA.ESTUDIANTE_GRUPO (ESTUDIANTE_IDENTIFICACION,GRUPO_ID) values ('5','5');
Insert into PRUEBA.ESTUDIANTE_GRUPO (ESTUDIANTE_IDENTIFICACION,GRUPO_ID) values ('5','8');
Insert into PRUEBA.ESTUDIANTE_GRUPO (ESTUDIANTE_IDENTIFICACION,GRUPO_ID) values ('9','9');
Insert into PRUEBA.ESTUDIANTE_GRUPO (ESTUDIANTE_IDENTIFICACION,GRUPO_ID) values ('9','10');
Insert into PRUEBA.ESTUDIANTE_GRUPO (ESTUDIANTE_IDENTIFICACION,GRUPO_ID) values ('9','11');
Insert into PRUEBA.ESTUDIANTE_GRUPO (ESTUDIANTE_IDENTIFICACION,GRUPO_ID) values ('9','12');
Insert into PRUEBA.ESTUDIANTE_GRUPO (ESTUDIANTE_IDENTIFICACION,GRUPO_ID) values ('9','14');
Insert into PRUEBA.ESTUDIANTE_GRUPO (ESTUDIANTE_IDENTIFICACION,GRUPO_ID) values ('123','6');
Insert into PRUEBA.ESTUDIANTE_GRUPO (ESTUDIANTE_IDENTIFICACION,GRUPO_ID) values ('123','7');
Insert into PRUEBA.ESTUDIANTE_GRUPO (ESTUDIANTE_IDENTIFICACION,GRUPO_ID) values ('123','9');
Insert into PRUEBA.ESTUDIANTE_GRUPO (ESTUDIANTE_IDENTIFICACION,GRUPO_ID) values ('123','10');
Insert into PRUEBA.ESTUDIANTE_GRUPO (ESTUDIANTE_IDENTIFICACION,GRUPO_ID) values ('123','11');
Insert into PRUEBA.ESTUDIANTE_GRUPO (ESTUDIANTE_IDENTIFICACION,GRUPO_ID) values ('123','12');
Insert into PRUEBA.ESTUDIANTE_GRUPO (ESTUDIANTE_IDENTIFICACION,GRUPO_ID) values ('123','14');
Insert into PRUEBA.ESTUDIANTE_GRUPO (ESTUDIANTE_IDENTIFICACION,GRUPO_ID) values ('1005086867','5');
Insert into PRUEBA.ESTUDIANTE_GRUPO (ESTUDIANTE_IDENTIFICACION,GRUPO_ID) values ('1005086867','6');
Insert into PRUEBA.ESTUDIANTE_GRUPO (ESTUDIANTE_IDENTIFICACION,GRUPO_ID) values ('1005086867','7');
Insert into PRUEBA.ESTUDIANTE_GRUPO (ESTUDIANTE_IDENTIFICACION,GRUPO_ID) values ('1005086867','8');
Insert into PRUEBA.ESTUDIANTE_GRUPO (ESTUDIANTE_IDENTIFICACION,GRUPO_ID) values ('1005086867','9');
Insert into PRUEBA.ESTUDIANTE_GRUPO (ESTUDIANTE_IDENTIFICACION,GRUPO_ID) values ('1005086867','10');
Insert into PRUEBA.ESTUDIANTE_GRUPO (ESTUDIANTE_IDENTIFICACION,GRUPO_ID) values ('1005086867','11');
Insert into PRUEBA.ESTUDIANTE_GRUPO (ESTUDIANTE_IDENTIFICACION,GRUPO_ID) values ('1005086867','12');
Insert into PRUEBA.ESTUDIANTE_GRUPO (ESTUDIANTE_IDENTIFICACION,GRUPO_ID) values ('1005086867','14');
REM INSERTING into PRUEBA.EXAMEN
SET DEFINE OFF;
Insert into PRUEBA.EXAMEN (ID,DOCENTE_PERSONA_IDENTIFICACION,FECHA_INCIO,FECHA_FIN,NUMERO_PREGUNTAS,TIEMPO_MINUTOS,PESOPORCETAJE,UMBRAL,ID_TEMA,ID_GRUPO) values ('42','4','2022-06-05','2022-06-12','5','32','20','3','1','5');
Insert into PRUEBA.EXAMEN (ID,DOCENTE_PERSONA_IDENTIFICACION,FECHA_INCIO,FECHA_FIN,NUMERO_PREGUNTAS,TIEMPO_MINUTOS,PESOPORCETAJE,UMBRAL,ID_TEMA,ID_GRUPO) values ('41','8','2022-06-05','2022-06-06','5','10','25','3','5','14');
REM INSERTING into PRUEBA.GRUPO
SET DEFINE OFF;
Insert into PRUEBA.GRUPO (ID,DOCENTE_PERSONA_IDENTIFICACION,ASIGNATURA_IDASIGNATURA,NOMBRE) values ('9','8','1','Programacion 1');
Insert into PRUEBA.GRUPO (ID,DOCENTE_PERSONA_IDENTIFICACION,ASIGNATURA_IDASIGNATURA,NOMBRE) values ('10','8','2','Matematicas');
Insert into PRUEBA.GRUPO (ID,DOCENTE_PERSONA_IDENTIFICACION,ASIGNATURA_IDASIGNATURA,NOMBRE) values ('11','8','3','Bases de datos');
Insert into PRUEBA.GRUPO (ID,DOCENTE_PERSONA_IDENTIFICACION,ASIGNATURA_IDASIGNATURA,NOMBRE) values ('12','8','4','Ingles');
Insert into PRUEBA.GRUPO (ID,DOCENTE_PERSONA_IDENTIFICACION,ASIGNATURA_IDASIGNATURA,NOMBRE) values ('14','8','5','Variado');
Insert into PRUEBA.GRUPO (ID,DOCENTE_PERSONA_IDENTIFICACION,ASIGNATURA_IDASIGNATURA,NOMBRE) values ('5','4','1','Programacion 1');
Insert into PRUEBA.GRUPO (ID,DOCENTE_PERSONA_IDENTIFICACION,ASIGNATURA_IDASIGNATURA,NOMBRE) values ('6','1005094694','2','Matematicas');
Insert into PRUEBA.GRUPO (ID,DOCENTE_PERSONA_IDENTIFICACION,ASIGNATURA_IDASIGNATURA,NOMBRE) values ('7','2','3','Bases de datos');
Insert into PRUEBA.GRUPO (ID,DOCENTE_PERSONA_IDENTIFICACION,ASIGNATURA_IDASIGNATURA,NOMBRE) values ('8','6','4','Ingles');
REM INSERTING into PRUEBA.HORARIOO
SET DEFINE OFF;
REM INSERTING into PRUEBA.OPCION
SET DEFINE OFF;
Insert into PRUEBA.OPCION (ID,OPCION,PREGUNTA_ID) values ('38','3,4,1,2','38');
Insert into PRUEBA.OPCION (ID,OPCION,PREGUNTA_ID) values ('39','3','39');
Insert into PRUEBA.OPCION (ID,OPCION,PREGUNTA_ID) values ('40','4','40');
Insert into PRUEBA.OPCION (ID,OPCION,PREGUNTA_ID) values ('41','1','41');
Insert into PRUEBA.OPCION (ID,OPCION,PREGUNTA_ID) values ('42','2','42');
Insert into PRUEBA.OPCION (ID,OPCION,PREGUNTA_ID) values ('43','ArrayList','48');
Insert into PRUEBA.OPCION (ID,OPCION,PREGUNTA_ID) values ('44','Rojo,Hamburguesa,España,Lunes','49');
Insert into PRUEBA.OPCION (ID,OPCION,PREGUNTA_ID) values ('45','Rojo','50');
Insert into PRUEBA.OPCION (ID,OPCION,PREGUNTA_ID) values ('46','Hamburguesa','51');
Insert into PRUEBA.OPCION (ID,OPCION,PREGUNTA_ID) values ('47','España','52');
Insert into PRUEBA.OPCION (ID,OPCION,PREGUNTA_ID) values ('48','Lunes','53');
Insert into PRUEBA.OPCION (ID,OPCION,PREGUNTA_ID) values ('49','Araña','54');
Insert into PRUEBA.OPCION (ID,OPCION,PREGUNTA_ID) values ('50','Dos','55');
Insert into PRUEBA.OPCION (ID,OPCION,PREGUNTA_ID) values ('53','Cuatro','56');
Insert into PRUEBA.OPCION (ID,OPCION,PREGUNTA_ID) values ('54','Computador,Carro,Elefante,Quindio','57');
Insert into PRUEBA.OPCION (ID,OPCION,PREGUNTA_ID) values ('55','Computador','58');
Insert into PRUEBA.OPCION (ID,OPCION,PREGUNTA_ID) values ('56','Carro','59');
Insert into PRUEBA.OPCION (ID,OPCION,PREGUNTA_ID) values ('57','Elefante','60');
Insert into PRUEBA.OPCION (ID,OPCION,PREGUNTA_ID) values ('58','Quindio','61');
Insert into PRUEBA.OPCION (ID,OPCION,PREGUNTA_ID) values ('59','1,2,3,4','43');
Insert into PRUEBA.OPCION (ID,OPCION,PREGUNTA_ID) values ('60','1','44');
Insert into PRUEBA.OPCION (ID,OPCION,PREGUNTA_ID) values ('61','2','45');
Insert into PRUEBA.OPCION (ID,OPCION,PREGUNTA_ID) values ('62','3','46');
Insert into PRUEBA.OPCION (ID,OPCION,PREGUNTA_ID) values ('63','4','47');
Insert into PRUEBA.OPCION (ID,OPCION,PREGUNTA_ID) values ('1','falso','5');
Insert into PRUEBA.OPCION (ID,OPCION,PREGUNTA_ID) values ('2','verdadero','6');
Insert into PRUEBA.OPCION (ID,OPCION,PREGUNTA_ID) values ('3','falso','7');
Insert into PRUEBA.OPCION (ID,OPCION,PREGUNTA_ID) values ('4','verdadero','8');
Insert into PRUEBA.OPCION (ID,OPCION,PREGUNTA_ID) values ('5','verdadero','15');
Insert into PRUEBA.OPCION (ID,OPCION,PREGUNTA_ID) values ('6','falso','16');
Insert into PRUEBA.OPCION (ID,OPCION,PREGUNTA_ID) values ('7','falso','17');
Insert into PRUEBA.OPCION (ID,OPCION,PREGUNTA_ID) values ('8','verdadero','18');
Insert into PRUEBA.OPCION (ID,OPCION,PREGUNTA_ID) values ('9','falso','23');
Insert into PRUEBA.OPCION (ID,OPCION,PREGUNTA_ID) values ('10','verdadero','24');
Insert into PRUEBA.OPCION (ID,OPCION,PREGUNTA_ID) values ('11','falso','25');
Insert into PRUEBA.OPCION (ID,OPCION,PREGUNTA_ID) values ('12','verdadero','26');
Insert into PRUEBA.OPCION (ID,OPCION,PREGUNTA_ID) values ('13','8','1');
Insert into PRUEBA.OPCION (ID,OPCION,PREGUNTA_ID) values ('14','3.141592','2');
Insert into PRUEBA.OPCION (ID,OPCION,PREGUNTA_ID) values ('15','3','3');
Insert into PRUEBA.OPCION (ID,OPCION,PREGUNTA_ID) values ('16','25','4');
Insert into PRUEBA.OPCION (ID,OPCION,PREGUNTA_ID) values ('17','Java Development Kit','11');
Insert into PRUEBA.OPCION (ID,OPCION,PREGUNTA_ID) values ('18','Es la Representación Simbólica de un Algoritmo','12');
Insert into PRUEBA.OPCION (ID,OPCION,PREGUNTA_ID) values ('19','Consiste en hacer uso de los atributos o métodos de una clase dentro de otra como si le perteneciera a este mismo','13');
Insert into PRUEBA.OPCION (ID,OPCION,PREGUNTA_ID) values ('20','Cadena, Boleano, Carácter, Numeros, alfanuemrico, Entero','14');
Insert into PRUEBA.OPCION (ID,OPCION,PREGUNTA_ID) values ('21','“Libros” y “Socios” serían entidades, y “Préstamos” la relación','19');
Insert into PRUEBA.OPCION (ID,OPCION,PREGUNTA_ID) values ('22','Los registros son las filas de las tablas','20');
Insert into PRUEBA.OPCION (ID,OPCION,PREGUNTA_ID) values ('23','Una presentación de los datos en la vista de impresión','21');
Insert into PRUEBA.OPCION (ID,OPCION,PREGUNTA_ID) values ('24','Una manera de seleccionar información de una o más tablas, visualizada como otra tabla','22');
Insert into PRUEBA.OPCION (ID,OPCION,PREGUNTA_ID) values ('25','Window','27');
Insert into PRUEBA.OPCION (ID,OPCION,PREGUNTA_ID) values ('26','Perro','30');
Insert into PRUEBA.OPCION (ID,OPCION,PREGUNTA_ID) values ('27','Gato','31');
Insert into PRUEBA.OPCION (ID,OPCION,PREGUNTA_ID) values ('28','Year','32');
Insert into PRUEBA.OPCION (ID,OPCION,PREGUNTA_ID) values ('29','Verdadero','33');
Insert into PRUEBA.OPCION (ID,OPCION,PREGUNTA_ID) values ('33','Falso','37');
Insert into PRUEBA.OPCION (ID,OPCION,PREGUNTA_ID) values ('31','Falso','35');
Insert into PRUEBA.OPCION (ID,OPCION,PREGUNTA_ID) values ('32','Verdadero','36');
REM INSERTING into PRUEBA.PERSONA
SET DEFINE OFF;
Insert into PRUEBA.PERSONA (IDENTIFICACION,NOMBRE,APELLIDO_MATERNO,APELLIDO_PATERNO,EMAIL,CLAVE,ROL_ID) values ('7','Sebastian','Rodriguez','Narvaez','sebastian@email.com','root','1');
Insert into PRUEBA.PERSONA (IDENTIFICACION,NOMBRE,APELLIDO_MATERNO,APELLIDO_PATERNO,EMAIL,CLAVE,ROL_ID) values ('1005086867','Andres','Marin','Parra','a','root','2');
Insert into PRUEBA.PERSONA (IDENTIFICACION,NOMBRE,APELLIDO_MATERNO,APELLIDO_PATERNO,EMAIL,CLAVE,ROL_ID) values ('8','p','p','p','pr','root','1');
Insert into PRUEBA.PERSONA (IDENTIFICACION,NOMBRE,APELLIDO_MATERNO,APELLIDO_PATERNO,EMAIL,CLAVE,ROL_ID) values ('9','e','e','e','es','root','2');
Insert into PRUEBA.PERSONA (IDENTIFICACION,NOMBRE,APELLIDO_MATERNO,APELLIDO_PATERNO,EMAIL,CLAVE,ROL_ID) values ('1005094694','Santiago','Arias','Garcia','santiarias@gmail.com','SANTInacional','1');
Insert into PRUEBA.PERSONA (IDENTIFICACION,NOMBRE,APELLIDO_MATERNO,APELLIDO_PATERNO,EMAIL,CLAVE,ROL_ID) values ('123','Emerson','Restrepo','Pulgarin','e','root','2');
Insert into PRUEBA.PERSONA (IDENTIFICACION,NOMBRE,APELLIDO_MATERNO,APELLIDO_PATERNO,EMAIL,CLAVE,ROL_ID) values ('1','Laura','Suarez','Zapata','laura@email.com','root','2');
Insert into PRUEBA.PERSONA (IDENTIFICACION,NOMBRE,APELLIDO_MATERNO,APELLIDO_PATERNO,EMAIL,CLAVE,ROL_ID) values ('2','Jorge','Triviño','Morales','jorge@email.com','root','1');
Insert into PRUEBA.PERSONA (IDENTIFICACION,NOMBRE,APELLIDO_MATERNO,APELLIDO_PATERNO,EMAIL,CLAVE,ROL_ID) values ('3','Juan ','Lozano','Garcia','pablo@email.com','root','2');
Insert into PRUEBA.PERSONA (IDENTIFICACION,NOMBRE,APELLIDO_MATERNO,APELLIDO_PATERNO,EMAIL,CLAVE,ROL_ID) values ('4','Robinson','Arias','Muñoz','robinson@email.com','root','1');
Insert into PRUEBA.PERSONA (IDENTIFICACION,NOMBRE,APELLIDO_MATERNO,APELLIDO_PATERNO,EMAIL,CLAVE,ROL_ID) values ('5','Gustavo','Gutierrez','Londoño','gustavo@email.com','root','2');
Insert into PRUEBA.PERSONA (IDENTIFICACION,NOMBRE,APELLIDO_MATERNO,APELLIDO_PATERNO,EMAIL,CLAVE,ROL_ID) values ('6','Fernando','Giraldo','Molina','fernando@email.com','root','1');
REM INSERTING into PRUEBA.PLAN_ESTUDIO
SET DEFINE OFF;
Insert into PRUEBA.PLAN_ESTUDIO (ID,UNIDADES,CONTENIDO) values ('9','5','Orden correcto');
Insert into PRUEBA.PLAN_ESTUDIO (ID,UNIDADES,CONTENIDO) values ('1','4','full java');
Insert into PRUEBA.PLAN_ESTUDIO (ID,UNIDADES,CONTENIDO) values ('2','5','ecuaciones');
Insert into PRUEBA.PLAN_ESTUDIO (ID,UNIDADES,CONTENIDO) values ('3','5','lenguaje c');
Insert into PRUEBA.PLAN_ESTUDIO (ID,UNIDADES,CONTENIDO) values ('4','5','herencia');
Insert into PRUEBA.PLAN_ESTUDIO (ID,UNIDADES,CONTENIDO) values ('5','5','sql');
Insert into PRUEBA.PLAN_ESTUDIO (ID,UNIDADES,CONTENIDO) values ('6','5','algebra');
Insert into PRUEBA.PLAN_ESTUDIO (ID,UNIDADES,CONTENIDO) values ('7','5','consultas');
Insert into PRUEBA.PLAN_ESTUDIO (ID,UNIDADES,CONTENIDO) values ('8','5','Ingles basico');
REM INSERTING into PRUEBA.PREGUNTA
SET DEFINE OFF;
Insert into PRUEBA.PREGUNTA (ID,ENUNCIADO,TIPO_PREGUNTA_ID,PRIVACIDAD_ID,TEMA_ID,DOCENTE_PERSONA_IDENTIFICACION,PREGUNTA_ID) values ('43','Coloque el orden correcto de menor a mayor','4','1','5','7',null);
Insert into PRUEBA.PREGUNTA (ID,ENUNCIADO,TIPO_PREGUNTA_ID,PRIVACIDAD_ID,TEMA_ID,DOCENTE_PERSONA_IDENTIFICACION,PREGUNTA_ID) values ('44','5','4','1','5','7','43');
Insert into PRUEBA.PREGUNTA (ID,ENUNCIADO,TIPO_PREGUNTA_ID,PRIVACIDAD_ID,TEMA_ID,DOCENTE_PERSONA_IDENTIFICACION,PREGUNTA_ID) values ('45','7','4','1','5','7','43');
Insert into PRUEBA.PREGUNTA (ID,ENUNCIADO,TIPO_PREGUNTA_ID,PRIVACIDAD_ID,TEMA_ID,DOCENTE_PERSONA_IDENTIFICACION,PREGUNTA_ID) values ('46','9','4','1','5','7','43');
Insert into PRUEBA.PREGUNTA (ID,ENUNCIADO,TIPO_PREGUNTA_ID,PRIVACIDAD_ID,TEMA_ID,DOCENTE_PERSONA_IDENTIFICACION,PREGUNTA_ID) values ('47','11','4','1','5','7','43');
Insert into PRUEBA.PREGUNTA (ID,ENUNCIADO,TIPO_PREGUNTA_ID,PRIVACIDAD_ID,TEMA_ID,DOCENTE_PERSONA_IDENTIFICACION,PREGUNTA_ID) values ('38','Coloque el orden corecto','4','1','2','1005094694',null);
Insert into PRUEBA.PREGUNTA (ID,ENUNCIADO,TIPO_PREGUNTA_ID,PRIVACIDAD_ID,TEMA_ID,DOCENTE_PERSONA_IDENTIFICACION,PREGUNTA_ID) values ('39','Almorzar','3','1','2','1005094694','38');
Insert into PRUEBA.PREGUNTA (ID,ENUNCIADO,TIPO_PREGUNTA_ID,PRIVACIDAD_ID,TEMA_ID,DOCENTE_PERSONA_IDENTIFICACION,PREGUNTA_ID) values ('40','Cenar','3','1','2','1005094694','38');
Insert into PRUEBA.PREGUNTA (ID,ENUNCIADO,TIPO_PREGUNTA_ID,PRIVACIDAD_ID,TEMA_ID,DOCENTE_PERSONA_IDENTIFICACION,PREGUNTA_ID) values ('41','Despertar','3','1','2','1005094694','38');
Insert into PRUEBA.PREGUNTA (ID,ENUNCIADO,TIPO_PREGUNTA_ID,PRIVACIDAD_ID,TEMA_ID,DOCENTE_PERSONA_IDENTIFICACION,PREGUNTA_ID) values ('42','Desayunar','3','1','2','1005094694','38');
Insert into PRUEBA.PREGUNTA (ID,ENUNCIADO,TIPO_PREGUNTA_ID,PRIVACIDAD_ID,TEMA_ID,DOCENTE_PERSONA_IDENTIFICACION,PREGUNTA_ID) values ('48','Un __________ es una lista de objetos','3','1','1','4',null);
Insert into PRUEBA.PREGUNTA (ID,ENUNCIADO,TIPO_PREGUNTA_ID,PRIVACIDAD_ID,TEMA_ID,DOCENTE_PERSONA_IDENTIFICACION,PREGUNTA_ID) values ('49','Empareje los conceptos','5','1','2','1005094694',null);
Insert into PRUEBA.PREGUNTA (ID,ENUNCIADO,TIPO_PREGUNTA_ID,PRIVACIDAD_ID,TEMA_ID,DOCENTE_PERSONA_IDENTIFICACION,PREGUNTA_ID) values ('50','Color','3','1','2','1005094694','49');
Insert into PRUEBA.PREGUNTA (ID,ENUNCIADO,TIPO_PREGUNTA_ID,PRIVACIDAD_ID,TEMA_ID,DOCENTE_PERSONA_IDENTIFICACION,PREGUNTA_ID) values ('51','Comida','3','1','2','1005094694','49');
Insert into PRUEBA.PREGUNTA (ID,ENUNCIADO,TIPO_PREGUNTA_ID,PRIVACIDAD_ID,TEMA_ID,DOCENTE_PERSONA_IDENTIFICACION,PREGUNTA_ID) values ('52','Pais','3','1','2','1005094694','49');
Insert into PRUEBA.PREGUNTA (ID,ENUNCIADO,TIPO_PREGUNTA_ID,PRIVACIDAD_ID,TEMA_ID,DOCENTE_PERSONA_IDENTIFICACION,PREGUNTA_ID) values ('53','Dia','3','1','2','1005094694','49');
Insert into PRUEBA.PREGUNTA (ID,ENUNCIADO,TIPO_PREGUNTA_ID,PRIVACIDAD_ID,TEMA_ID,DOCENTE_PERSONA_IDENTIFICACION,PREGUNTA_ID) values ('54','La ________ tiene 8 patas','3','1','5','8',null);
Insert into PRUEBA.PREGUNTA (ID,ENUNCIADO,TIPO_PREGUNTA_ID,PRIVACIDAD_ID,TEMA_ID,DOCENTE_PERSONA_IDENTIFICACION,PREGUNTA_ID) values ('55','Una moto tiene ______ llantas','3','1','2','1005094694',null);
Insert into PRUEBA.PREGUNTA (ID,ENUNCIADO,TIPO_PREGUNTA_ID,PRIVACIDAD_ID,TEMA_ID,DOCENTE_PERSONA_IDENTIFICACION,PREGUNTA_ID) values ('56','La palabra GATO tiene un total de _____ letras','3','1','5','8',null);
Insert into PRUEBA.PREGUNTA (ID,ENUNCIADO,TIPO_PREGUNTA_ID,PRIVACIDAD_ID,TEMA_ID,DOCENTE_PERSONA_IDENTIFICACION,PREGUNTA_ID) values ('57','Empareje los conceptos','5','1','5','8',null);
Insert into PRUEBA.PREGUNTA (ID,ENUNCIADO,TIPO_PREGUNTA_ID,PRIVACIDAD_ID,TEMA_ID,DOCENTE_PERSONA_IDENTIFICACION,PREGUNTA_ID) values ('58','Tecnologia','3','1','5','8','57');
Insert into PRUEBA.PREGUNTA (ID,ENUNCIADO,TIPO_PREGUNTA_ID,PRIVACIDAD_ID,TEMA_ID,DOCENTE_PERSONA_IDENTIFICACION,PREGUNTA_ID) values ('59','Medio de transporte','3','1','5','8','57');
Insert into PRUEBA.PREGUNTA (ID,ENUNCIADO,TIPO_PREGUNTA_ID,PRIVACIDAD_ID,TEMA_ID,DOCENTE_PERSONA_IDENTIFICACION,PREGUNTA_ID) values ('60','Animal','3','1','5','8','57');
Insert into PRUEBA.PREGUNTA (ID,ENUNCIADO,TIPO_PREGUNTA_ID,PRIVACIDAD_ID,TEMA_ID,DOCENTE_PERSONA_IDENTIFICACION,PREGUNTA_ID) values ('61','Departamento','3','1','5','8','57');
Insert into PRUEBA.PREGUNTA (ID,ENUNCIADO,TIPO_PREGUNTA_ID,PRIVACIDAD_ID,TEMA_ID,DOCENTE_PERSONA_IDENTIFICACION,PREGUNTA_ID) values ('1','¿Cuanto es la suma de 5+3 ?','1','1','2','1005094694',null);
Insert into PRUEBA.PREGUNTA (ID,ENUNCIADO,TIPO_PREGUNTA_ID,PRIVACIDAD_ID,TEMA_ID,DOCENTE_PERSONA_IDENTIFICACION,PREGUNTA_ID) values ('2','¿A cuanto equivale PI?','1','1','2','1005094694',null);
Insert into PRUEBA.PREGUNTA (ID,ENUNCIADO,TIPO_PREGUNTA_ID,PRIVACIDAD_ID,TEMA_ID,DOCENTE_PERSONA_IDENTIFICACION,PREGUNTA_ID) values ('3','¿Cuantos lados tiene un triángulo?','1','1','2','1005094694',null);
Insert into PRUEBA.PREGUNTA (ID,ENUNCIADO,TIPO_PREGUNTA_ID,PRIVACIDAD_ID,TEMA_ID,DOCENTE_PERSONA_IDENTIFICACION,PREGUNTA_ID) values ('4','La multiplicacion 5*5 tiene como resultado:','1','1','2','1005094694',null);
Insert into PRUEBA.PREGUNTA (ID,ENUNCIADO,TIPO_PREGUNTA_ID,PRIVACIDAD_ID,TEMA_ID,DOCENTE_PERSONA_IDENTIFICACION,PREGUNTA_ID) values ('5','8 - 3 = 4','2','1','2','1005094694',null);
Insert into PRUEBA.PREGUNTA (ID,ENUNCIADO,TIPO_PREGUNTA_ID,PRIVACIDAD_ID,TEMA_ID,DOCENTE_PERSONA_IDENTIFICACION,PREGUNTA_ID) values ('6','El triangulo es un poligono de tres lados y tres angulos','2','1','2','1005094694',null);
Insert into PRUEBA.PREGUNTA (ID,ENUNCIADO,TIPO_PREGUNTA_ID,PRIVACIDAD_ID,TEMA_ID,DOCENTE_PERSONA_IDENTIFICACION,PREGUNTA_ID) values ('7','91 decenas son 90 unidades','2','1','2','1005094694',null);
Insert into PRUEBA.PREGUNTA (ID,ENUNCIADO,TIPO_PREGUNTA_ID,PRIVACIDAD_ID,TEMA_ID,DOCENTE_PERSONA_IDENTIFICACION,PREGUNTA_ID) values ('8','La raiz cuadrada de 9 es 3','2','1','2','1005094694',null);
Insert into PRUEBA.PREGUNTA (ID,ENUNCIADO,TIPO_PREGUNTA_ID,PRIVACIDAD_ID,TEMA_ID,DOCENTE_PERSONA_IDENTIFICACION,PREGUNTA_ID) values ('11','¿Que significa JDK?','1','1','1','4',null);
Insert into PRUEBA.PREGUNTA (ID,ENUNCIADO,TIPO_PREGUNTA_ID,PRIVACIDAD_ID,TEMA_ID,DOCENTE_PERSONA_IDENTIFICACION,PREGUNTA_ID) values ('12','¿Que es un DFD (Diagrama de flujo de datos)?','1','1','1','4',null);
Insert into PRUEBA.PREGUNTA (ID,ENUNCIADO,TIPO_PREGUNTA_ID,PRIVACIDAD_ID,TEMA_ID,DOCENTE_PERSONA_IDENTIFICACION,PREGUNTA_ID) values ('13','¿Que es la Herencia en Programación orientado a objetos?','1','1','1','4',null);
Insert into PRUEBA.PREGUNTA (ID,ENUNCIADO,TIPO_PREGUNTA_ID,PRIVACIDAD_ID,TEMA_ID,DOCENTE_PERSONA_IDENTIFICACION,PREGUNTA_ID) values ('14','Son los tipos de datos que se manejan en Programación','1','1','1','4',null);
Insert into PRUEBA.PREGUNTA (ID,ENUNCIADO,TIPO_PREGUNTA_ID,PRIVACIDAD_ID,TEMA_ID,DOCENTE_PERSONA_IDENTIFICACION,PREGUNTA_ID) values ('15','La unidad de medida que más se utiliza en la actualidad es el Megabyte.','2','1','1','4',null);
Insert into PRUEBA.PREGUNTA (ID,ENUNCIADO,TIPO_PREGUNTA_ID,PRIVACIDAD_ID,TEMA_ID,DOCENTE_PERSONA_IDENTIFICACION,PREGUNTA_ID) values ('16','El entorno IDE NetBeans trabaja por Archivos independientes.','2','1','1','4',null);
Insert into PRUEBA.PREGUNTA (ID,ENUNCIADO,TIPO_PREGUNTA_ID,PRIVACIDAD_ID,TEMA_ID,DOCENTE_PERSONA_IDENTIFICACION,PREGUNTA_ID) values ('17','La conjucion de 2 valores solo es cierta si 1 es verdadero  ','2','1','1','4',null);
Insert into PRUEBA.PREGUNTA (ID,ENUNCIADO,TIPO_PREGUNTA_ID,PRIVACIDAD_ID,TEMA_ID,DOCENTE_PERSONA_IDENTIFICACION,PREGUNTA_ID) values ('18','Un lenguaje de programación tiene su propia sintaxis.','2','1','1','4',null);
Insert into PRUEBA.PREGUNTA (ID,ENUNCIADO,TIPO_PREGUNTA_ID,PRIVACIDAD_ID,TEMA_ID,DOCENTE_PERSONA_IDENTIFICACION,PREGUNTA_ID) values ('19','En una base de datos de una biblioteca pública …','1','1','3','2',null);
Insert into PRUEBA.PREGUNTA (ID,ENUNCIADO,TIPO_PREGUNTA_ID,PRIVACIDAD_ID,TEMA_ID,DOCENTE_PERSONA_IDENTIFICACION,PREGUNTA_ID) values ('20',' En una base de datos de tipo relacional …','1','1','3','2',null);
Insert into PRUEBA.PREGUNTA (ID,ENUNCIADO,TIPO_PREGUNTA_ID,PRIVACIDAD_ID,TEMA_ID,DOCENTE_PERSONA_IDENTIFICACION,PREGUNTA_ID) values ('21','Un informe en una base de datos es …','1','1','3','2',null);
Insert into PRUEBA.PREGUNTA (ID,ENUNCIADO,TIPO_PREGUNTA_ID,PRIVACIDAD_ID,TEMA_ID,DOCENTE_PERSONA_IDENTIFICACION,PREGUNTA_ID) values ('22','Una consulta en una base de datos es …','1','1','3','2',null);
Insert into PRUEBA.PREGUNTA (ID,ENUNCIADO,TIPO_PREGUNTA_ID,PRIVACIDAD_ID,TEMA_ID,DOCENTE_PERSONA_IDENTIFICACION,PREGUNTA_ID) values ('23','¿El modelo relacional es el menos utilizado en las organizaciones?','2','1','3','2',null);
Insert into PRUEBA.PREGUNTA (ID,ENUNCIADO,TIPO_PREGUNTA_ID,PRIVACIDAD_ID,TEMA_ID,DOCENTE_PERSONA_IDENTIFICACION,PREGUNTA_ID) values ('24','Una base de datos es un conjunto de información relacionada','2','1','3','2',null);
Insert into PRUEBA.PREGUNTA (ID,ENUNCIADO,TIPO_PREGUNTA_ID,PRIVACIDAD_ID,TEMA_ID,DOCENTE_PERSONA_IDENTIFICACION,PREGUNTA_ID) values ('25','La persistencia conserva los algoritmos','2','1','3','2',null);
Insert into PRUEBA.PREGUNTA (ID,ENUNCIADO,TIPO_PREGUNTA_ID,PRIVACIDAD_ID,TEMA_ID,DOCENTE_PERSONA_IDENTIFICACION,PREGUNTA_ID) values ('26','El sistema administrador de base de datos es un conjunto de programas','2','1','3','2',null);
Insert into PRUEBA.PREGUNTA (ID,ENUNCIADO,TIPO_PREGUNTA_ID,PRIVACIDAD_ID,TEMA_ID,DOCENTE_PERSONA_IDENTIFICACION,PREGUNTA_ID) values ('27','La traducción de la palabra ventana al ingles es:','1','1','4','6',null);
Insert into PRUEBA.PREGUNTA (ID,ENUNCIADO,TIPO_PREGUNTA_ID,PRIVACIDAD_ID,TEMA_ID,DOCENTE_PERSONA_IDENTIFICACION,PREGUNTA_ID) values ('30','La traducción de DOG es:','1','1','4','6',null);
Insert into PRUEBA.PREGUNTA (ID,ENUNCIADO,TIPO_PREGUNTA_ID,PRIVACIDAD_ID,TEMA_ID,DOCENTE_PERSONA_IDENTIFICACION,PREGUNTA_ID) values ('31','La traducción de CAT es:','1','1','4','6',null);
Insert into PRUEBA.PREGUNTA (ID,ENUNCIADO,TIPO_PREGUNTA_ID,PRIVACIDAD_ID,TEMA_ID,DOCENTE_PERSONA_IDENTIFICACION,PREGUNTA_ID) values ('32','La traducción de la palabra año al ingles es:','1','1','4','6',null);
Insert into PRUEBA.PREGUNTA (ID,ENUNCIADO,TIPO_PREGUNTA_ID,PRIVACIDAD_ID,TEMA_ID,DOCENTE_PERSONA_IDENTIFICACION,PREGUNTA_ID) values ('33','El significado de la palabra BED en español es: CAMA ','2','1','4','6',null);
Insert into PRUEBA.PREGUNTA (ID,ENUNCIADO,TIPO_PREGUNTA_ID,PRIVACIDAD_ID,TEMA_ID,DOCENTE_PERSONA_IDENTIFICACION,PREGUNTA_ID) values ('35','El significado de la palabra CHICKEN en ingles es: ENSALADA','2','1','4','6',null);
Insert into PRUEBA.PREGUNTA (ID,ENUNCIADO,TIPO_PREGUNTA_ID,PRIVACIDAD_ID,TEMA_ID,DOCENTE_PERSONA_IDENTIFICACION,PREGUNTA_ID) values ('36','La palabra SUN traduce al español SOL','2','1','4','6',null);
Insert into PRUEBA.PREGUNTA (ID,ENUNCIADO,TIPO_PREGUNTA_ID,PRIVACIDAD_ID,TEMA_ID,DOCENTE_PERSONA_IDENTIFICACION,PREGUNTA_ID) values ('37','La palabra LIBRO en ingles es BOOKING ','2','1','4','6',null);
REM INSERTING into PRUEBA.PRIVACIDAD
SET DEFINE OFF;
Insert into PRUEBA.PRIVACIDAD (ID,TIPO) values ('1','publico');
Insert into PRUEBA.PRIVACIDAD (ID,TIPO) values ('2','privada');
REM INSERTING into PRUEBA.RESPUESTA
SET DEFINE OFF;
Insert into PRUEBA.RESPUESTA (ID,RESPUESTA,PREGUNTA_ID) values ('107','Rojo','49');
Insert into PRUEBA.RESPUESTA (ID,RESPUESTA,PREGUNTA_ID) values ('108','Hamburguesa','49');
Insert into PRUEBA.RESPUESTA (ID,RESPUESTA,PREGUNTA_ID) values ('109','España','49');
Insert into PRUEBA.RESPUESTA (ID,RESPUESTA,PREGUNTA_ID) values ('110','Lunes','49');
Insert into PRUEBA.RESPUESTA (ID,RESPUESTA,PREGUNTA_ID) values ('111','Computador','57');
Insert into PRUEBA.RESPUESTA (ID,RESPUESTA,PREGUNTA_ID) values ('112','Carro','57');
Insert into PRUEBA.RESPUESTA (ID,RESPUESTA,PREGUNTA_ID) values ('113','Elefante','57');
Insert into PRUEBA.RESPUESTA (ID,RESPUESTA,PREGUNTA_ID) values ('114','Quindio','57');
Insert into PRUEBA.RESPUESTA (ID,RESPUESTA,PREGUNTA_ID) values ('1','verdadero','5');
Insert into PRUEBA.RESPUESTA (ID,RESPUESTA,PREGUNTA_ID) values ('2','falso','5');
Insert into PRUEBA.RESPUESTA (ID,RESPUESTA,PREGUNTA_ID) values ('3','verdadero','6');
Insert into PRUEBA.RESPUESTA (ID,RESPUESTA,PREGUNTA_ID) values ('4','falso','6');
Insert into PRUEBA.RESPUESTA (ID,RESPUESTA,PREGUNTA_ID) values ('5','verdadero','7');
Insert into PRUEBA.RESPUESTA (ID,RESPUESTA,PREGUNTA_ID) values ('6','falso','7');
Insert into PRUEBA.RESPUESTA (ID,RESPUESTA,PREGUNTA_ID) values ('7','verdadero','8');
Insert into PRUEBA.RESPUESTA (ID,RESPUESTA,PREGUNTA_ID) values ('8','falso','8');
Insert into PRUEBA.RESPUESTA (ID,RESPUESTA,PREGUNTA_ID) values ('9','verdadero','15');
Insert into PRUEBA.RESPUESTA (ID,RESPUESTA,PREGUNTA_ID) values ('10','falso','15');
Insert into PRUEBA.RESPUESTA (ID,RESPUESTA,PREGUNTA_ID) values ('11','verdadero','16');
Insert into PRUEBA.RESPUESTA (ID,RESPUESTA,PREGUNTA_ID) values ('12','falso','16');
Insert into PRUEBA.RESPUESTA (ID,RESPUESTA,PREGUNTA_ID) values ('13','verdadero','17');
Insert into PRUEBA.RESPUESTA (ID,RESPUESTA,PREGUNTA_ID) values ('14','falso','17');
Insert into PRUEBA.RESPUESTA (ID,RESPUESTA,PREGUNTA_ID) values ('15','verdadero','18');
Insert into PRUEBA.RESPUESTA (ID,RESPUESTA,PREGUNTA_ID) values ('16','falso','18');
Insert into PRUEBA.RESPUESTA (ID,RESPUESTA,PREGUNTA_ID) values ('17','verdadero','23');
Insert into PRUEBA.RESPUESTA (ID,RESPUESTA,PREGUNTA_ID) values ('18','falso','23');
Insert into PRUEBA.RESPUESTA (ID,RESPUESTA,PREGUNTA_ID) values ('19','verdadero','24');
Insert into PRUEBA.RESPUESTA (ID,RESPUESTA,PREGUNTA_ID) values ('20','falso','24');
Insert into PRUEBA.RESPUESTA (ID,RESPUESTA,PREGUNTA_ID) values ('21','verdadero','25');
Insert into PRUEBA.RESPUESTA (ID,RESPUESTA,PREGUNTA_ID) values ('22','falso','25');
Insert into PRUEBA.RESPUESTA (ID,RESPUESTA,PREGUNTA_ID) values ('23','verdadero','26');
Insert into PRUEBA.RESPUESTA (ID,RESPUESTA,PREGUNTA_ID) values ('24','falso','26');
Insert into PRUEBA.RESPUESTA (ID,RESPUESTA,PREGUNTA_ID) values ('25','5','1');
Insert into PRUEBA.RESPUESTA (ID,RESPUESTA,PREGUNTA_ID) values ('26','6','1');
Insert into PRUEBA.RESPUESTA (ID,RESPUESTA,PREGUNTA_ID) values ('27','7','1');
Insert into PRUEBA.RESPUESTA (ID,RESPUESTA,PREGUNTA_ID) values ('28','8','1');
Insert into PRUEBA.RESPUESTA (ID,RESPUESTA,PREGUNTA_ID) values ('29','3.141592','2');
Insert into PRUEBA.RESPUESTA (ID,RESPUESTA,PREGUNTA_ID) values ('30','3.149215','2');
Insert into PRUEBA.RESPUESTA (ID,RESPUESTA,PREGUNTA_ID) values ('31','3.144423','2');
Insert into PRUEBA.RESPUESTA (ID,RESPUESTA,PREGUNTA_ID) values ('32','3.144123','2');
Insert into PRUEBA.RESPUESTA (ID,RESPUESTA,PREGUNTA_ID) values ('33','4','3');
Insert into PRUEBA.RESPUESTA (ID,RESPUESTA,PREGUNTA_ID) values ('34','3','3');
Insert into PRUEBA.RESPUESTA (ID,RESPUESTA,PREGUNTA_ID) values ('35','2','3');
Insert into PRUEBA.RESPUESTA (ID,RESPUESTA,PREGUNTA_ID) values ('36','5','3');
Insert into PRUEBA.RESPUESTA (ID,RESPUESTA,PREGUNTA_ID) values ('37','24','4');
Insert into PRUEBA.RESPUESTA (ID,RESPUESTA,PREGUNTA_ID) values ('38','10','4');
Insert into PRUEBA.RESPUESTA (ID,RESPUESTA,PREGUNTA_ID) values ('39','25','4');
Insert into PRUEBA.RESPUESTA (ID,RESPUESTA,PREGUNTA_ID) values ('40','20','4');
Insert into PRUEBA.RESPUESTA (ID,RESPUESTA,PREGUNTA_ID) values ('41','Java Development Kit','11');
Insert into PRUEBA.RESPUESTA (ID,RESPUESTA,PREGUNTA_ID) values ('42','Java Distance Kilobye','11');
Insert into PRUEBA.RESPUESTA (ID,RESPUESTA,PREGUNTA_ID) values ('43','Distrit Java Kit','11');
Insert into PRUEBA.RESPUESTA (ID,RESPUESTA,PREGUNTA_ID) values ('44','Kilobyte Java Development','11');
Insert into PRUEBA.RESPUESTA (ID,RESPUESTA,PREGUNTA_ID) values ('52','Es el orden de los pasos para un sistema de informacion','12');
Insert into PRUEBA.RESPUESTA (ID,RESPUESTA,PREGUNTA_ID) values ('53','Es el estudio de las ordenes creadas por un programador','12');
Insert into PRUEBA.RESPUESTA (ID,RESPUESTA,PREGUNTA_ID) values ('59','Consiste en hacer uso de los atributos o métodos de una clase dentro de otra como si le perteneciera a este mismo','13');
Insert into PRUEBA.RESPUESTA (ID,RESPUESTA,PREGUNTA_ID) values ('60','Tipo Java, C++, Smalltalk, Python, Object Pascal, Visual .net, Visual Basic, Delphi, Perl, entre otros','14');
Insert into PRUEBA.RESPUESTA (ID,RESPUESTA,PREGUNTA_ID) values ('50','Es la Representación Simbólica de un Algoritmo','12');
Insert into PRUEBA.RESPUESTA (ID,RESPUESTA,PREGUNTA_ID) values ('51','Es una serie de pasos para dar solución a un problema','12');
Insert into PRUEBA.RESPUESTA (ID,RESPUESTA,PREGUNTA_ID) values ('56','Son similares a las variables de instancia, con la excepción de que los valores que guardan son los mismos para todos los objetos de una clase','13');
Insert into PRUEBA.RESPUESTA (ID,RESPUESTA,PREGUNTA_ID) values ('57','Define los elementos de dicho lenguaje y cómo se combinan para formar un programa','13');
Insert into PRUEBA.RESPUESTA (ID,RESPUESTA,PREGUNTA_ID) values ('58','Es un nombre que identifica a una variable, a un método o función miembro, a una clase','13');
Insert into PRUEBA.RESPUESTA (ID,RESPUESTA,PREGUNTA_ID) values ('61','Cadena, Boleano, Carácter, Numeros, alfanuemrico, Entero','14');
Insert into PRUEBA.RESPUESTA (ID,RESPUESTA,PREGUNTA_ID) values ('62','String, Boolean, Char, Integer, int, etc','14');
Insert into PRUEBA.RESPUESTA (ID,RESPUESTA,PREGUNTA_ID) values ('63','Simbólicos, de estructura, de cadena, de complemento, generales, particulares, entre otros','14');
Insert into PRUEBA.RESPUESTA (ID,RESPUESTA,PREGUNTA_ID) values ('64','“Libros”, “Socios” y “Préstamos” serían entidades de la base de datos','19');
Insert into PRUEBA.RESPUESTA (ID,RESPUESTA,PREGUNTA_ID) values ('65','“Socios” sería la relación entre “Libros” y “Géneros Literarios”','19');
Insert into PRUEBA.RESPUESTA (ID,RESPUESTA,PREGUNTA_ID) values ('66','“Libros” y “Socios” serían entidades, y “Préstamos” la relación','19');
Insert into PRUEBA.RESPUESTA (ID,RESPUESTA,PREGUNTA_ID) values ('67','Ninguna de las otras opciones','19');
Insert into PRUEBA.RESPUESTA (ID,RESPUESTA,PREGUNTA_ID) values ('68','Los registros son las filas de las tablas','20');
Insert into PRUEBA.RESPUESTA (ID,RESPUESTA,PREGUNTA_ID) values ('69','Los registros son las columnas de las tablas','20');
Insert into PRUEBA.RESPUESTA (ID,RESPUESTA,PREGUNTA_ID) values ('70','Los campos son las filas de las tablas','20');
Insert into PRUEBA.RESPUESTA (ID,RESPUESTA,PREGUNTA_ID) values ('71','Las tuplas son las columnas de las tablas','20');
Insert into PRUEBA.RESPUESTA (ID,RESPUESTA,PREGUNTA_ID) values ('72','Una manera de seleccionar información de una o más tablas, visualizada como otra tabla','21');
Insert into PRUEBA.RESPUESTA (ID,RESPUESTA,PREGUNTA_ID) values ('73','Una pantalla de introducción, consulta o modificación de datos en una o varias tablas','21');
Insert into PRUEBA.RESPUESTA (ID,RESPUESTA,PREGUNTA_ID) values ('74','Una presentación de los datos en la vista de impresión','21');
Insert into PRUEBA.RESPUESTA (ID,RESPUESTA,PREGUNTA_ID) values ('75','Ninguna de las otras opciones','21');
Insert into PRUEBA.RESPUESTA (ID,RESPUESTA,PREGUNTA_ID) values ('76','Una manera de seleccionar información de una o más tablas, visualizada como otra tabla','22');
Insert into PRUEBA.RESPUESTA (ID,RESPUESTA,PREGUNTA_ID) values ('77','Una pantalla de introducción, consulta o modificación de datos en una o varias tablas','22');
Insert into PRUEBA.RESPUESTA (ID,RESPUESTA,PREGUNTA_ID) values ('78','Una presentación de los datos en la vista de impresión','22');
Insert into PRUEBA.RESPUESTA (ID,RESPUESTA,PREGUNTA_ID) values ('79','Ninguna de las otras opciones','22');
Insert into PRUEBA.RESPUESTA (ID,RESPUESTA,PREGUNTA_ID) values ('80','Window','27');
Insert into PRUEBA.RESPUESTA (ID,RESPUESTA,PREGUNTA_ID) values ('81','door','27');
Insert into PRUEBA.RESPUESTA (ID,RESPUESTA,PREGUNTA_ID) values ('82','Table','27');
Insert into PRUEBA.RESPUESTA (ID,RESPUESTA,PREGUNTA_ID) values ('83','Room','27');
Insert into PRUEBA.RESPUESTA (ID,RESPUESTA,PREGUNTA_ID) values ('87','Elefante','30');
Insert into PRUEBA.RESPUESTA (ID,RESPUESTA,PREGUNTA_ID) values ('88','Gato','30');
Insert into PRUEBA.RESPUESTA (ID,RESPUESTA,PREGUNTA_ID) values ('89','Perro','30');
Insert into PRUEBA.RESPUESTA (ID,RESPUESTA,PREGUNTA_ID) values ('90','Tortuga','30');
Insert into PRUEBA.RESPUESTA (ID,RESPUESTA,PREGUNTA_ID) values ('91','Perro','31');
Insert into PRUEBA.RESPUESTA (ID,RESPUESTA,PREGUNTA_ID) values ('92','Leon','31');
Insert into PRUEBA.RESPUESTA (ID,RESPUESTA,PREGUNTA_ID) values ('93','Gato','31');
Insert into PRUEBA.RESPUESTA (ID,RESPUESTA,PREGUNTA_ID) values ('94','Araña','31');
Insert into PRUEBA.RESPUESTA (ID,RESPUESTA,PREGUNTA_ID) values ('95','Year','32');
Insert into PRUEBA.RESPUESTA (ID,RESPUESTA,PREGUNTA_ID) values ('96','Day','32');
Insert into PRUEBA.RESPUESTA (ID,RESPUESTA,PREGUNTA_ID) values ('97','Mounth','32');
Insert into PRUEBA.RESPUESTA (ID,RESPUESTA,PREGUNTA_ID) values ('98','Hour','32');
Insert into PRUEBA.RESPUESTA (ID,RESPUESTA,PREGUNTA_ID) values ('99','Verdadero','33');
Insert into PRUEBA.RESPUESTA (ID,RESPUESTA,PREGUNTA_ID) values ('100','Falso','33');
Insert into PRUEBA.RESPUESTA (ID,RESPUESTA,PREGUNTA_ID) values ('101','Verdadero','35');
Insert into PRUEBA.RESPUESTA (ID,RESPUESTA,PREGUNTA_ID) values ('102','Falso','35');
Insert into PRUEBA.RESPUESTA (ID,RESPUESTA,PREGUNTA_ID) values ('103','Verdadero','36');
Insert into PRUEBA.RESPUESTA (ID,RESPUESTA,PREGUNTA_ID) values ('104','Falso','36');
Insert into PRUEBA.RESPUESTA (ID,RESPUESTA,PREGUNTA_ID) values ('105','Verdadero','37');
Insert into PRUEBA.RESPUESTA (ID,RESPUESTA,PREGUNTA_ID) values ('106','Falso','37');
REM INSERTING into PRUEBA.RESPUESTAS
SET DEFINE OFF;
Insert into PRUEBA.RESPUESTAS (IDRESPUESTA,OPCION_ID,ESTEXBAN_EXAMENEST_ID,ESTEXBAN_ESTEXA_ESTUDIANTE_ID,ESTEXBAN_BANCO_EXAMEN_ID,ESTEXBAN_BANCO_PREGUNTA_ID,RESPUESTA) values ('160','43','42','5','42','48','arraylist');
Insert into PRUEBA.RESPUESTAS (IDRESPUESTA,OPCION_ID,ESTEXBAN_EXAMENEST_ID,ESTEXBAN_ESTEXA_ESTUDIANTE_ID,ESTEXBAN_BANCO_EXAMEN_ID,ESTEXBAN_BANCO_PREGUNTA_ID,RESPUESTA) values ('161','20','42','5','42','14','String, Boolean, Char, Integer, int, etc');
Insert into PRUEBA.RESPUESTAS (IDRESPUESTA,OPCION_ID,ESTEXBAN_EXAMENEST_ID,ESTEXBAN_ESTEXA_ESTUDIANTE_ID,ESTEXBAN_BANCO_EXAMEN_ID,ESTEXBAN_BANCO_PREGUNTA_ID,RESPUESTA) values ('162','17','42','5','42','11','Java Development Kit');
Insert into PRUEBA.RESPUESTAS (IDRESPUESTA,OPCION_ID,ESTEXBAN_EXAMENEST_ID,ESTEXBAN_ESTEXA_ESTUDIANTE_ID,ESTEXBAN_BANCO_EXAMEN_ID,ESTEXBAN_BANCO_PREGUNTA_ID,RESPUESTA) values ('163','7','42','5','42','17','verdadero');
Insert into PRUEBA.RESPUESTAS (IDRESPUESTA,OPCION_ID,ESTEXBAN_EXAMENEST_ID,ESTEXBAN_ESTEXA_ESTUDIANTE_ID,ESTEXBAN_BANCO_EXAMEN_ID,ESTEXBAN_BANCO_PREGUNTA_ID,RESPUESTA) values ('164','18','42','5','42','12','Es la Representación Simbólica de un Algoritmo');
Insert into PRUEBA.RESPUESTAS (IDRESPUESTA,OPCION_ID,ESTEXBAN_EXAMENEST_ID,ESTEXBAN_ESTEXA_ESTUDIANTE_ID,ESTEXBAN_BANCO_EXAMEN_ID,ESTEXBAN_BANCO_PREGUNTA_ID,RESPUESTA) values ('165','5','42','3','42','15','verdadero');
Insert into PRUEBA.RESPUESTAS (IDRESPUESTA,OPCION_ID,ESTEXBAN_EXAMENEST_ID,ESTEXBAN_ESTEXA_ESTUDIANTE_ID,ESTEXBAN_BANCO_EXAMEN_ID,ESTEXBAN_BANCO_PREGUNTA_ID,RESPUESTA) values ('166','7','42','3','42','17','falso');
Insert into PRUEBA.RESPUESTAS (IDRESPUESTA,OPCION_ID,ESTEXBAN_EXAMENEST_ID,ESTEXBAN_ESTEXA_ESTUDIANTE_ID,ESTEXBAN_BANCO_EXAMEN_ID,ESTEXBAN_BANCO_PREGUNTA_ID,RESPUESTA) values ('167','20','42','3','42','14','Cadena, Boleano, Carácter, Numeros, alfanuemrico, Entero');
Insert into PRUEBA.RESPUESTAS (IDRESPUESTA,OPCION_ID,ESTEXBAN_EXAMENEST_ID,ESTEXBAN_ESTEXA_ESTUDIANTE_ID,ESTEXBAN_BANCO_EXAMEN_ID,ESTEXBAN_BANCO_PREGUNTA_ID,RESPUESTA) values ('168','8','42','3','42','18','verdadero');
Insert into PRUEBA.RESPUESTAS (IDRESPUESTA,OPCION_ID,ESTEXBAN_EXAMENEST_ID,ESTEXBAN_ESTEXA_ESTUDIANTE_ID,ESTEXBAN_BANCO_EXAMEN_ID,ESTEXBAN_BANCO_PREGUNTA_ID,RESPUESTA) values ('169','17','42','3','42','11','Java Development Kit');
Insert into PRUEBA.RESPUESTAS (IDRESPUESTA,OPCION_ID,ESTEXBAN_EXAMENEST_ID,ESTEXBAN_ESTEXA_ESTUDIANTE_ID,ESTEXBAN_BANCO_EXAMEN_ID,ESTEXBAN_BANCO_PREGUNTA_ID,RESPUESTA) values ('170','43','42','1005086867','42','48','a');
Insert into PRUEBA.RESPUESTAS (IDRESPUESTA,OPCION_ID,ESTEXBAN_EXAMENEST_ID,ESTEXBAN_ESTEXA_ESTUDIANTE_ID,ESTEXBAN_BANCO_EXAMEN_ID,ESTEXBAN_BANCO_PREGUNTA_ID,RESPUESTA) values ('171','7','42','1005086867','42','17','verdadero');
Insert into PRUEBA.RESPUESTAS (IDRESPUESTA,OPCION_ID,ESTEXBAN_EXAMENEST_ID,ESTEXBAN_ESTEXA_ESTUDIANTE_ID,ESTEXBAN_BANCO_EXAMEN_ID,ESTEXBAN_BANCO_PREGUNTA_ID,RESPUESTA) values ('172','6','42','1005086867','42','16','verdadero');
Insert into PRUEBA.RESPUESTAS (IDRESPUESTA,OPCION_ID,ESTEXBAN_EXAMENEST_ID,ESTEXBAN_ESTEXA_ESTUDIANTE_ID,ESTEXBAN_BANCO_EXAMEN_ID,ESTEXBAN_BANCO_PREGUNTA_ID,RESPUESTA) values ('173','17','42','1005086867','42','11','Java Distance Kilobye');
Insert into PRUEBA.RESPUESTAS (IDRESPUESTA,OPCION_ID,ESTEXBAN_EXAMENEST_ID,ESTEXBAN_ESTEXA_ESTUDIANTE_ID,ESTEXBAN_BANCO_EXAMEN_ID,ESTEXBAN_BANCO_PREGUNTA_ID,RESPUESTA) values ('174','18','42','1005086867','42','12','Es el orden de los pasos para un sistema de informacion');
Insert into PRUEBA.RESPUESTAS (IDRESPUESTA,OPCION_ID,ESTEXBAN_EXAMENEST_ID,ESTEXBAN_ESTEXA_ESTUDIANTE_ID,ESTEXBAN_BANCO_EXAMEN_ID,ESTEXBAN_BANCO_PREGUNTA_ID,RESPUESTA) values ('147','59','41','9','41','43','1,2,3,4');
Insert into PRUEBA.RESPUESTAS (IDRESPUESTA,OPCION_ID,ESTEXBAN_EXAMENEST_ID,ESTEXBAN_ESTEXA_ESTUDIANTE_ID,ESTEXBAN_BANCO_EXAMEN_ID,ESTEXBAN_BANCO_PREGUNTA_ID,RESPUESTA) values ('148','38','41','9','41','38','1,2,3,4');
Insert into PRUEBA.RESPUESTAS (IDRESPUESTA,OPCION_ID,ESTEXBAN_EXAMENEST_ID,ESTEXBAN_ESTEXA_ESTUDIANTE_ID,ESTEXBAN_BANCO_EXAMEN_ID,ESTEXBAN_BANCO_PREGUNTA_ID,RESPUESTA) values ('149','49','41','9','41','54','arana');
Insert into PRUEBA.RESPUESTAS (IDRESPUESTA,OPCION_ID,ESTEXBAN_EXAMENEST_ID,ESTEXBAN_ESTEXA_ESTUDIANTE_ID,ESTEXBAN_BANCO_EXAMEN_ID,ESTEXBAN_BANCO_PREGUNTA_ID,RESPUESTA) values ('150','50','41','1005086867','41','55','a');
Insert into PRUEBA.RESPUESTAS (IDRESPUESTA,OPCION_ID,ESTEXBAN_EXAMENEST_ID,ESTEXBAN_ESTEXA_ESTUDIANTE_ID,ESTEXBAN_BANCO_EXAMEN_ID,ESTEXBAN_BANCO_PREGUNTA_ID,RESPUESTA) values ('151','53','41','1005086867','41','56','a');
Insert into PRUEBA.RESPUESTAS (IDRESPUESTA,OPCION_ID,ESTEXBAN_EXAMENEST_ID,ESTEXBAN_ESTEXA_ESTUDIANTE_ID,ESTEXBAN_BANCO_EXAMEN_ID,ESTEXBAN_BANCO_PREGUNTA_ID,RESPUESTA) values ('152','59','41','1005086867','41','43','2,1,1,1');
Insert into PRUEBA.RESPUESTAS (IDRESPUESTA,OPCION_ID,ESTEXBAN_EXAMENEST_ID,ESTEXBAN_ESTEXA_ESTUDIANTE_ID,ESTEXBAN_BANCO_EXAMEN_ID,ESTEXBAN_BANCO_PREGUNTA_ID,RESPUESTA) values ('153','54','41','1005086867','41','57','Carro,Computador,Computador,Computador');
Insert into PRUEBA.RESPUESTAS (IDRESPUESTA,OPCION_ID,ESTEXBAN_EXAMENEST_ID,ESTEXBAN_ESTEXA_ESTUDIANTE_ID,ESTEXBAN_BANCO_EXAMEN_ID,ESTEXBAN_BANCO_PREGUNTA_ID,RESPUESTA) values ('154','38','41','1005086867','41','38','2,1,1,1');
Insert into PRUEBA.RESPUESTAS (IDRESPUESTA,OPCION_ID,ESTEXBAN_EXAMENEST_ID,ESTEXBAN_ESTEXA_ESTUDIANTE_ID,ESTEXBAN_BANCO_EXAMEN_ID,ESTEXBAN_BANCO_PREGUNTA_ID,RESPUESTA) values ('155','53','41','123','41','56','aaa');
Insert into PRUEBA.RESPUESTAS (IDRESPUESTA,OPCION_ID,ESTEXBAN_EXAMENEST_ID,ESTEXBAN_ESTEXA_ESTUDIANTE_ID,ESTEXBAN_BANCO_EXAMEN_ID,ESTEXBAN_BANCO_PREGUNTA_ID,RESPUESTA) values ('156','54','41','123','41','57','Computador,Carro,Elefante,Quindio');
Insert into PRUEBA.RESPUESTAS (IDRESPUESTA,OPCION_ID,ESTEXBAN_EXAMENEST_ID,ESTEXBAN_ESTEXA_ESTUDIANTE_ID,ESTEXBAN_BANCO_EXAMEN_ID,ESTEXBAN_BANCO_PREGUNTA_ID,RESPUESTA) values ('157','59','41','123','41','43','2,1,1,1');
Insert into PRUEBA.RESPUESTAS (IDRESPUESTA,OPCION_ID,ESTEXBAN_EXAMENEST_ID,ESTEXBAN_ESTEXA_ESTUDIANTE_ID,ESTEXBAN_BANCO_EXAMEN_ID,ESTEXBAN_BANCO_PREGUNTA_ID,RESPUESTA) values ('158','38','41','123','41','38','4,4,4,2');
Insert into PRUEBA.RESPUESTAS (IDRESPUESTA,OPCION_ID,ESTEXBAN_EXAMENEST_ID,ESTEXBAN_ESTEXA_ESTUDIANTE_ID,ESTEXBAN_BANCO_EXAMEN_ID,ESTEXBAN_BANCO_PREGUNTA_ID,RESPUESTA) values ('159','44','41','123','41','49','Rojo,Hamburguesa,España,Lunes');
Insert into PRUEBA.RESPUESTAS (IDRESPUESTA,OPCION_ID,ESTEXBAN_EXAMENEST_ID,ESTEXBAN_ESTEXA_ESTUDIANTE_ID,ESTEXBAN_BANCO_EXAMEN_ID,ESTEXBAN_BANCO_PREGUNTA_ID,RESPUESTA) values ('145','50','41','9','41','55','dos');
Insert into PRUEBA.RESPUESTAS (IDRESPUESTA,OPCION_ID,ESTEXBAN_EXAMENEST_ID,ESTEXBAN_ESTEXA_ESTUDIANTE_ID,ESTEXBAN_BANCO_EXAMEN_ID,ESTEXBAN_BANCO_PREGUNTA_ID,RESPUESTA) values ('146','44','41','9','41','49','Rojo,Hamburguesa,España,Lunes');
REM INSERTING into PRUEBA.ROL
SET DEFINE OFF;
Insert into PRUEBA.ROL (ID,NOMBRE) values ('1','Profesor');
Insert into PRUEBA.ROL (ID,NOMBRE) values ('2','Estudiante');
REM INSERTING into PRUEBA.TEMA
SET DEFINE OFF;
Insert into PRUEBA.TEMA (ID,NOMBRE,PLAN_ESTUDIO_ID) values ('5','Logica','9');
Insert into PRUEBA.TEMA (ID,NOMBRE,PLAN_ESTUDIO_ID) values ('6','Variado','1');
Insert into PRUEBA.TEMA (ID,NOMBRE,PLAN_ESTUDIO_ID) values ('7','Variado','2');
Insert into PRUEBA.TEMA (ID,NOMBRE,PLAN_ESTUDIO_ID) values ('8','Variado','3');
Insert into PRUEBA.TEMA (ID,NOMBRE,PLAN_ESTUDIO_ID) values ('9','Variado','4');
Insert into PRUEBA.TEMA (ID,NOMBRE,PLAN_ESTUDIO_ID) values ('10','variado','5');
Insert into PRUEBA.TEMA (ID,NOMBRE,PLAN_ESTUDIO_ID) values ('11','Variado','6');
Insert into PRUEBA.TEMA (ID,NOMBRE,PLAN_ESTUDIO_ID) values ('12','Variado','7');
Insert into PRUEBA.TEMA (ID,NOMBRE,PLAN_ESTUDIO_ID) values ('13','Variado','8');
Insert into PRUEBA.TEMA (ID,NOMBRE,PLAN_ESTUDIO_ID) values ('14','Variado','9');
Insert into PRUEBA.TEMA (ID,NOMBRE,PLAN_ESTUDIO_ID) values ('1','Programacion','1');
Insert into PRUEBA.TEMA (ID,NOMBRE,PLAN_ESTUDIO_ID) values ('2','Matematicas','6');
Insert into PRUEBA.TEMA (ID,NOMBRE,PLAN_ESTUDIO_ID) values ('3','Bases de datos','5');
Insert into PRUEBA.TEMA (ID,NOMBRE,PLAN_ESTUDIO_ID) values ('4','Ingles','8');
REM INSERTING into PRUEBA.TIPO_PREGUNTA
SET DEFINE OFF;
Insert into PRUEBA.TIPO_PREGUNTA (ID,TIPO) values ('4','ordenar');
Insert into PRUEBA.TIPO_PREGUNTA (ID,TIPO) values ('5','emparejar');
Insert into PRUEBA.TIPO_PREGUNTA (ID,TIPO) values ('1','opcion multiple unica respuesta');
Insert into PRUEBA.TIPO_PREGUNTA (ID,TIPO) values ('2','Verdadero o falso');
Insert into PRUEBA.TIPO_PREGUNTA (ID,TIPO) values ('3','Abierta');
--------------------------------------------------------
--  DDL for Index BANCO_PK
--------------------------------------------------------

  CREATE UNIQUE INDEX "PRUEBA"."BANCO_PK" ON "PRUEBA"."BANCO" ("EXAMEN_ID", "PREGUNTA_ID") 
  PCTFREE 10 INITRANS 2 MAXTRANS 255 COMPUTE STATISTICS 
  STORAGE(INITIAL 65536 NEXT 1048576 MINEXTENTS 1 MAXEXTENTS 2147483645
  PCTINCREASE 0 FREELISTS 1 FREELIST GROUPS 1 BUFFER_POOL DEFAULT FLASH_CACHE DEFAULT CELL_FLASH_CACHE DEFAULT)
  TABLESPACE "USERS" ;
--------------------------------------------------------
--  DDL for Index HORARIO_PK
--------------------------------------------------------

  CREATE UNIQUE INDEX "PRUEBA"."HORARIO_PK" ON "PRUEBA"."HORARIOO" ("ID") 
  PCTFREE 10 INITRANS 2 MAXTRANS 255 COMPUTE STATISTICS 
  STORAGE(INITIAL 65536 NEXT 1048576 MINEXTENTS 1 MAXEXTENTS 2147483645
  PCTINCREASE 0 FREELISTS 1 FREELIST GROUPS 1 BUFFER_POOL DEFAULT FLASH_CACHE DEFAULT CELL_FLASH_CACHE DEFAULT)
  TABLESPACE "USERS" ;
--------------------------------------------------------
--  DDL for Index GRUPO_PK
--------------------------------------------------------

  CREATE UNIQUE INDEX "PRUEBA"."GRUPO_PK" ON "PRUEBA"."GRUPO" ("ID") 
  PCTFREE 10 INITRANS 2 MAXTRANS 255 COMPUTE STATISTICS 
  STORAGE(INITIAL 65536 NEXT 1048576 MINEXTENTS 1 MAXEXTENTS 2147483645
  PCTINCREASE 0 FREELISTS 1 FREELIST GROUPS 1 BUFFER_POOL DEFAULT FLASH_CACHE DEFAULT CELL_FLASH_CACHE DEFAULT)
  TABLESPACE "USERS" ;
--------------------------------------------------------
--  DDL for Index PLAN_ESTUDIO_PK
--------------------------------------------------------

  CREATE UNIQUE INDEX "PRUEBA"."PLAN_ESTUDIO_PK" ON "PRUEBA"."PLAN_ESTUDIO" ("ID") 
  PCTFREE 10 INITRANS 2 MAXTRANS 255 COMPUTE STATISTICS 
  STORAGE(INITIAL 65536 NEXT 1048576 MINEXTENTS 1 MAXEXTENTS 2147483645
  PCTINCREASE 0 FREELISTS 1 FREELIST GROUPS 1 BUFFER_POOL DEFAULT FLASH_CACHE DEFAULT CELL_FLASH_CACHE DEFAULT)
  TABLESPACE "USERS" ;
--------------------------------------------------------
--  DDL for Index PERSONA_PK
--------------------------------------------------------

  CREATE UNIQUE INDEX "PRUEBA"."PERSONA_PK" ON "PRUEBA"."PERSONA" ("IDENTIFICACION") 
  PCTFREE 10 INITRANS 2 MAXTRANS 255 COMPUTE STATISTICS 
  STORAGE(INITIAL 65536 NEXT 1048576 MINEXTENTS 1 MAXEXTENTS 2147483645
  PCTINCREASE 0 FREELISTS 1 FREELIST GROUPS 1 BUFFER_POOL DEFAULT FLASH_CACHE DEFAULT CELL_FLASH_CACHE DEFAULT)
  TABLESPACE "USERS" ;
--------------------------------------------------------
--  DDL for Index PROFESOR_PK
--------------------------------------------------------

  CREATE UNIQUE INDEX "PRUEBA"."PROFESOR_PK" ON "PRUEBA"."DOCENTE" ("PERSONA_IDENTIFICACION") 
  PCTFREE 10 INITRANS 2 MAXTRANS 255 COMPUTE STATISTICS 
  STORAGE(INITIAL 65536 NEXT 1048576 MINEXTENTS 1 MAXEXTENTS 2147483645
  PCTINCREASE 0 FREELISTS 1 FREELIST GROUPS 1 BUFFER_POOL DEFAULT FLASH_CACHE DEFAULT CELL_FLASH_CACHE DEFAULT)
  TABLESPACE "USERS" ;
--------------------------------------------------------
--  DDL for Index RESPUESTAS_PK
--------------------------------------------------------

  CREATE UNIQUE INDEX "PRUEBA"."RESPUESTAS_PK" ON "PRUEBA"."RESPUESTAS" ("IDRESPUESTA") 
  PCTFREE 10 INITRANS 2 MAXTRANS 255 COMPUTE STATISTICS 
  STORAGE(INITIAL 65536 NEXT 1048576 MINEXTENTS 1 MAXEXTENTS 2147483645
  PCTINCREASE 0 FREELISTS 1 FREELIST GROUPS 1 BUFFER_POOL DEFAULT FLASH_CACHE DEFAULT CELL_FLASH_CACHE DEFAULT)
  TABLESPACE "USERS" ;
--------------------------------------------------------
--  DDL for Index OPCION_PK
--------------------------------------------------------

  CREATE UNIQUE INDEX "PRUEBA"."OPCION_PK" ON "PRUEBA"."OPCION" ("ID") 
  PCTFREE 10 INITRANS 2 MAXTRANS 255 COMPUTE STATISTICS 
  STORAGE(INITIAL 65536 NEXT 1048576 MINEXTENTS 1 MAXEXTENTS 2147483645
  PCTINCREASE 0 FREELISTS 1 FREELIST GROUPS 1 BUFFER_POOL DEFAULT FLASH_CACHE DEFAULT CELL_FLASH_CACHE DEFAULT)
  TABLESPACE "USERS" ;
--------------------------------------------------------
--  DDL for Index RESPUESTA_PK
--------------------------------------------------------

  CREATE UNIQUE INDEX "PRUEBA"."RESPUESTA_PK" ON "PRUEBA"."RESPUESTA" ("ID") 
  PCTFREE 10 INITRANS 2 MAXTRANS 255 COMPUTE STATISTICS 
  STORAGE(INITIAL 65536 NEXT 1048576 MINEXTENTS 1 MAXEXTENTS 2147483645
  PCTINCREASE 0 FREELISTS 1 FREELIST GROUPS 1 BUFFER_POOL DEFAULT FLASH_CACHE DEFAULT CELL_FLASH_CACHE DEFAULT)
  TABLESPACE "USERS" ;
--------------------------------------------------------
--  DDL for Index PERSONA__UN
--------------------------------------------------------

  CREATE UNIQUE INDEX "PRUEBA"."PERSONA__UN" ON "PRUEBA"."PERSONA" ("EMAIL") 
  PCTFREE 10 INITRANS 2 MAXTRANS 255 COMPUTE STATISTICS 
  STORAGE(INITIAL 65536 NEXT 1048576 MINEXTENTS 1 MAXEXTENTS 2147483645
  PCTINCREASE 0 FREELISTS 1 FREELIST GROUPS 1 BUFFER_POOL DEFAULT FLASH_CACHE DEFAULT CELL_FLASH_CACHE DEFAULT)
  TABLESPACE "USERS" ;
--------------------------------------------------------
--  DDL for Index EXAMEN_PK
--------------------------------------------------------

  CREATE UNIQUE INDEX "PRUEBA"."EXAMEN_PK" ON "PRUEBA"."EXAMEN" ("ID") 
  PCTFREE 10 INITRANS 2 MAXTRANS 255 COMPUTE STATISTICS 
  STORAGE(INITIAL 65536 NEXT 1048576 MINEXTENTS 1 MAXEXTENTS 2147483645
  PCTINCREASE 0 FREELISTS 1 FREELIST GROUPS 1 BUFFER_POOL DEFAULT FLASH_CACHE DEFAULT CELL_FLASH_CACHE DEFAULT)
  TABLESPACE "USERS" ;
--------------------------------------------------------
--  DDL for Index PREGUNTA_PK
--------------------------------------------------------

  CREATE UNIQUE INDEX "PRUEBA"."PREGUNTA_PK" ON "PRUEBA"."PREGUNTA" ("ID") 
  PCTFREE 10 INITRANS 2 MAXTRANS 255 COMPUTE STATISTICS 
  STORAGE(INITIAL 65536 NEXT 1048576 MINEXTENTS 1 MAXEXTENTS 2147483645
  PCTINCREASE 0 FREELISTS 1 FREELIST GROUPS 1 BUFFER_POOL DEFAULT FLASH_CACHE DEFAULT CELL_FLASH_CACHE DEFAULT)
  TABLESPACE "USERS" ;
--------------------------------------------------------
--  DDL for Index ESTUDIANTE_EXAMEN_PK
--------------------------------------------------------

  CREATE UNIQUE INDEX "PRUEBA"."ESTUDIANTE_EXAMEN_PK" ON "PRUEBA"."ESTUDIANTE_EXAMEN" ("EXAMENEST_ID", "ESTUDIANTE_IDENTIFICACION") 
  PCTFREE 10 INITRANS 2 MAXTRANS 255 COMPUTE STATISTICS 
  STORAGE(INITIAL 65536 NEXT 1048576 MINEXTENTS 1 MAXEXTENTS 2147483645
  PCTINCREASE 0 FREELISTS 1 FREELIST GROUPS 1 BUFFER_POOL DEFAULT FLASH_CACHE DEFAULT CELL_FLASH_CACHE DEFAULT)
  TABLESPACE "USERS" ;
--------------------------------------------------------
--  DDL for Index ESTUDIANTE_PK
--------------------------------------------------------

  CREATE UNIQUE INDEX "PRUEBA"."ESTUDIANTE_PK" ON "PRUEBA"."ESTUDIANTE" ("PERSONA_IDENTIFICACION") 
  PCTFREE 10 INITRANS 2 MAXTRANS 255 COMPUTE STATISTICS 
  STORAGE(INITIAL 65536 NEXT 1048576 MINEXTENTS 1 MAXEXTENTS 2147483645
  PCTINCREASE 0 FREELISTS 1 FREELIST GROUPS 1 BUFFER_POOL DEFAULT FLASH_CACHE DEFAULT CELL_FLASH_CACHE DEFAULT)
  TABLESPACE "USERS" ;
--------------------------------------------------------
--  DDL for Index ASIGNATURA__UN
--------------------------------------------------------

  CREATE UNIQUE INDEX "PRUEBA"."ASIGNATURA__UN" ON "PRUEBA"."ASIGNATURA" ("PLAN_ESTUDIO_ID") 
  PCTFREE 10 INITRANS 2 MAXTRANS 255 COMPUTE STATISTICS 
  STORAGE(INITIAL 65536 NEXT 1048576 MINEXTENTS 1 MAXEXTENTS 2147483645
  PCTINCREASE 0 FREELISTS 1 FREELIST GROUPS 1 BUFFER_POOL DEFAULT FLASH_CACHE DEFAULT CELL_FLASH_CACHE DEFAULT)
  TABLESPACE "USERS" ;
--------------------------------------------------------
--  DDL for Index ROL_PK
--------------------------------------------------------

  CREATE UNIQUE INDEX "PRUEBA"."ROL_PK" ON "PRUEBA"."ROL" ("ID") 
  PCTFREE 10 INITRANS 2 MAXTRANS 255 COMPUTE STATISTICS 
  STORAGE(INITIAL 65536 NEXT 1048576 MINEXTENTS 1 MAXEXTENTS 2147483645
  PCTINCREASE 0 FREELISTS 1 FREELIST GROUPS 1 BUFFER_POOL DEFAULT FLASH_CACHE DEFAULT CELL_FLASH_CACHE DEFAULT)
  TABLESPACE "USERS" ;
--------------------------------------------------------
--  DDL for Index TEMA_PK
--------------------------------------------------------

  CREATE UNIQUE INDEX "PRUEBA"."TEMA_PK" ON "PRUEBA"."TEMA" ("ID") 
  PCTFREE 10 INITRANS 2 MAXTRANS 255 COMPUTE STATISTICS 
  STORAGE(INITIAL 65536 NEXT 1048576 MINEXTENTS 1 MAXEXTENTS 2147483645
  PCTINCREASE 0 FREELISTS 1 FREELIST GROUPS 1 BUFFER_POOL DEFAULT FLASH_CACHE DEFAULT CELL_FLASH_CACHE DEFAULT)
  TABLESPACE "USERS" ;
--------------------------------------------------------
--  DDL for Index ASIGNATURA_PK
--------------------------------------------------------

  CREATE UNIQUE INDEX "PRUEBA"."ASIGNATURA_PK" ON "PRUEBA"."ASIGNATURA" ("IDASIGNATURA") 
  PCTFREE 10 INITRANS 2 MAXTRANS 255 COMPUTE STATISTICS 
  STORAGE(INITIAL 65536 NEXT 1048576 MINEXTENTS 1 MAXEXTENTS 2147483645
  PCTINCREASE 0 FREELISTS 1 FREELIST GROUPS 1 BUFFER_POOL DEFAULT FLASH_CACHE DEFAULT CELL_FLASH_CACHE DEFAULT)
  TABLESPACE "USERS" ;
--------------------------------------------------------
--  DDL for Index ESTUDIANTE_EXAMEN_BANCO_PK
--------------------------------------------------------

  CREATE UNIQUE INDEX "PRUEBA"."ESTUDIANTE_EXAMEN_BANCO_PK" ON "PRUEBA"."ESTUDIANTE_EXAMEN_BANCO" ("EXAMENEST_ID", "ESTEXA_ESTUDIANTE_ID", "BANCO_EXAMEN_ID", "BANCO_PREGUNTA_ID") 
  PCTFREE 10 INITRANS 2 MAXTRANS 255 COMPUTE STATISTICS 
  STORAGE(INITIAL 65536 NEXT 1048576 MINEXTENTS 1 MAXEXTENTS 2147483645
  PCTINCREASE 0 FREELISTS 1 FREELIST GROUPS 1 BUFFER_POOL DEFAULT FLASH_CACHE DEFAULT CELL_FLASH_CACHE DEFAULT)
  TABLESPACE "USERS" ;
--------------------------------------------------------
--  DDL for Index TIPO_PREGUNTA_PK
--------------------------------------------------------

  CREATE UNIQUE INDEX "PRUEBA"."TIPO_PREGUNTA_PK" ON "PRUEBA"."TIPO_PREGUNTA" ("ID") 
  PCTFREE 10 INITRANS 2 MAXTRANS 255 COMPUTE STATISTICS 
  STORAGE(INITIAL 65536 NEXT 1048576 MINEXTENTS 1 MAXEXTENTS 2147483645
  PCTINCREASE 0 FREELISTS 1 FREELIST GROUPS 1 BUFFER_POOL DEFAULT FLASH_CACHE DEFAULT CELL_FLASH_CACHE DEFAULT)
  TABLESPACE "USERS" ;
--------------------------------------------------------
--  DDL for Index PRIVACIDAD_PK
--------------------------------------------------------

  CREATE UNIQUE INDEX "PRUEBA"."PRIVACIDAD_PK" ON "PRUEBA"."PRIVACIDAD" ("ID") 
  PCTFREE 10 INITRANS 2 MAXTRANS 255 COMPUTE STATISTICS 
  STORAGE(INITIAL 65536 NEXT 1048576 MINEXTENTS 1 MAXEXTENTS 2147483645
  PCTINCREASE 0 FREELISTS 1 FREELIST GROUPS 1 BUFFER_POOL DEFAULT FLASH_CACHE DEFAULT CELL_FLASH_CACHE DEFAULT)
  TABLESPACE "USERS" ;
--------------------------------------------------------
--  DDL for Index ESTUDIANTE_GRUPO_PK
--------------------------------------------------------

  CREATE UNIQUE INDEX "PRUEBA"."ESTUDIANTE_GRUPO_PK" ON "PRUEBA"."ESTUDIANTE_GRUPO" ("ESTUDIANTE_IDENTIFICACION", "GRUPO_ID") 
  PCTFREE 10 INITRANS 2 MAXTRANS 255 COMPUTE STATISTICS 
  STORAGE(INITIAL 65536 NEXT 1048576 MINEXTENTS 1 MAXEXTENTS 2147483645
  PCTINCREASE 0 FREELISTS 1 FREELIST GROUPS 1 BUFFER_POOL DEFAULT FLASH_CACHE DEFAULT CELL_FLASH_CACHE DEFAULT)
  TABLESPACE "USERS" ;
--------------------------------------------------------
--  DDL for Trigger EXAMEN_ID_TRG
--------------------------------------------------------

  CREATE OR REPLACE TRIGGER "PRUEBA"."EXAMEN_ID_TRG" 
BEFORE INSERT ON Examen 
FOR EACH ROW 
    WHEN (NEW.id IS NULL) BEGIN
:new.id := examen_id_seq.nextval;

end;




/
ALTER TRIGGER "PRUEBA"."EXAMEN_ID_TRG" ENABLE;
--------------------------------------------------------
--  DDL for Trigger GRUPO_ID_TRG
--------------------------------------------------------

  CREATE OR REPLACE TRIGGER "PRUEBA"."GRUPO_ID_TRG" 
BEFORE INSERT ON Grupo 
FOR EACH ROW 
    WHEN (NEW.id IS NULL) BEGIN
:new.id := grupo_id_seq.nextval;

end;




/
ALTER TRIGGER "PRUEBA"."GRUPO_ID_TRG" ENABLE;
--------------------------------------------------------
--  DDL for Trigger HORARIOO_ID_TRG
--------------------------------------------------------

  CREATE OR REPLACE TRIGGER "PRUEBA"."HORARIOO_ID_TRG" 
BEFORE INSERT ON Horarioo 
FOR EACH ROW 
    WHEN (NEW.id IS NULL) BEGIN
:new.id := horarioo_id_seq.nextval;

end;




/
ALTER TRIGGER "PRUEBA"."HORARIOO_ID_TRG" ENABLE;
--------------------------------------------------------
--  DDL for Trigger OPCION_ID_TRG
--------------------------------------------------------

  CREATE OR REPLACE TRIGGER "PRUEBA"."OPCION_ID_TRG" 
BEFORE INSERT ON Opcion 
FOR EACH ROW 
    WHEN (NEW.id IS NULL) BEGIN
:new.id := opcion_id_seq.nextval;

end;




/
ALTER TRIGGER "PRUEBA"."OPCION_ID_TRG" ENABLE;
--------------------------------------------------------
--  DDL for Trigger PLAN_ESTUDIO_ID_TRG
--------------------------------------------------------

  CREATE OR REPLACE TRIGGER "PRUEBA"."PLAN_ESTUDIO_ID_TRG" 
BEFORE INSERT ON Plan_estudio 
FOR EACH ROW 
    WHEN (NEW.id IS NULL) BEGIN
:new.id := plan_estudio_id_seq.nextval;

end;




/
ALTER TRIGGER "PRUEBA"."PLAN_ESTUDIO_ID_TRG" ENABLE;
--------------------------------------------------------
--  DDL for Trigger PREGUNTA_ID_TRG
--------------------------------------------------------

  CREATE OR REPLACE TRIGGER "PRUEBA"."PREGUNTA_ID_TRG" 
BEFORE INSERT ON Pregunta 
FOR EACH ROW 
    WHEN (NEW.id IS NULL) BEGIN
:new.id := pregunta_id_seq.nextval;

end;




/
ALTER TRIGGER "PRUEBA"."PREGUNTA_ID_TRG" ENABLE;
--------------------------------------------------------
--  DDL for Trigger PRIVACIDAD_ID_TRG
--------------------------------------------------------

  CREATE OR REPLACE TRIGGER "PRUEBA"."PRIVACIDAD_ID_TRG" 
BEFORE INSERT ON Privacidad 
FOR EACH ROW 
    WHEN (NEW.id IS NULL) BEGIN
:new.id := privacidad_id_seq.nextval;

end;




/
ALTER TRIGGER "PRUEBA"."PRIVACIDAD_ID_TRG" ENABLE;
--------------------------------------------------------
--  DDL for Trigger RESPUESTA_ID_TRG
--------------------------------------------------------

  CREATE OR REPLACE TRIGGER "PRUEBA"."RESPUESTA_ID_TRG" 
BEFORE INSERT ON Respuesta 
FOR EACH ROW 
    WHEN (NEW.id IS NULL) BEGIN
:new.id := respuesta_id_seq.nextval;

end;




/
ALTER TRIGGER "PRUEBA"."RESPUESTA_ID_TRG" ENABLE;
--------------------------------------------------------
--  DDL for Trigger RESPUESTAS_IDRESPUESTA_TRG
--------------------------------------------------------

  CREATE OR REPLACE TRIGGER "PRUEBA"."RESPUESTAS_IDRESPUESTA_TRG" 
BEFORE INSERT ON Respuestas 
FOR EACH ROW 
    WHEN (NEW.idRespuesta IS NULL) BEGIN
:new.idrespuesta := respuestas_idrespuesta_seq.nextval;

end;




/
ALTER TRIGGER "PRUEBA"."RESPUESTAS_IDRESPUESTA_TRG" ENABLE;
--------------------------------------------------------
--  DDL for Trigger ROL_ID_TRG
--------------------------------------------------------

  CREATE OR REPLACE TRIGGER "PRUEBA"."ROL_ID_TRG" 
BEFORE INSERT ON Rol 
FOR EACH ROW 
    WHEN (NEW.id IS NULL) BEGIN
:new.id := rol_id_seq.nextval;

end;




/
ALTER TRIGGER "PRUEBA"."ROL_ID_TRG" ENABLE;
--------------------------------------------------------
--  DDL for Trigger TEMA_ID_TRG
--------------------------------------------------------

  CREATE OR REPLACE TRIGGER "PRUEBA"."TEMA_ID_TRG" 
BEFORE INSERT ON Tema 
FOR EACH ROW 
    WHEN (NEW.id IS NULL) BEGIN
:new.id := tema_id_seq.nextval;

end;




/
ALTER TRIGGER "PRUEBA"."TEMA_ID_TRG" ENABLE;
--------------------------------------------------------
--  DDL for Trigger TIPO_PREGUNTA_ID_TRG
--------------------------------------------------------

  CREATE OR REPLACE TRIGGER "PRUEBA"."TIPO_PREGUNTA_ID_TRG" 
BEFORE INSERT ON Tipo_Pregunta 
FOR EACH ROW 
    WHEN (NEW.id IS NULL) BEGIN
:new.id := tipo_pregunta_id_seq.nextval;

end;




/
ALTER TRIGGER "PRUEBA"."TIPO_PREGUNTA_ID_TRG" ENABLE;
--------------------------------------------------------
--  Constraints for Table EXAMEN
--------------------------------------------------------

  ALTER TABLE "PRUEBA"."EXAMEN" MODIFY ("ID" NOT NULL ENABLE);
  ALTER TABLE "PRUEBA"."EXAMEN" MODIFY ("DOCENTE_PERSONA_IDENTIFICACION" NOT NULL ENABLE);
  ALTER TABLE "PRUEBA"."EXAMEN" MODIFY ("FECHA_INCIO" NOT NULL ENABLE);
  ALTER TABLE "PRUEBA"."EXAMEN" MODIFY ("FECHA_FIN" NOT NULL ENABLE);
  ALTER TABLE "PRUEBA"."EXAMEN" MODIFY ("NUMERO_PREGUNTAS" NOT NULL ENABLE);
  ALTER TABLE "PRUEBA"."EXAMEN" MODIFY ("TIEMPO_MINUTOS" NOT NULL ENABLE);
  ALTER TABLE "PRUEBA"."EXAMEN" MODIFY ("PESOPORCETAJE" NOT NULL ENABLE);
  ALTER TABLE "PRUEBA"."EXAMEN" MODIFY ("UMBRAL" NOT NULL ENABLE);
  ALTER TABLE "PRUEBA"."EXAMEN" ADD CONSTRAINT "EXAMEN_PK" PRIMARY KEY ("ID")
  USING INDEX PCTFREE 10 INITRANS 2 MAXTRANS 255 COMPUTE STATISTICS 
  STORAGE(INITIAL 65536 NEXT 1048576 MINEXTENTS 1 MAXEXTENTS 2147483645
  PCTINCREASE 0 FREELISTS 1 FREELIST GROUPS 1 BUFFER_POOL DEFAULT FLASH_CACHE DEFAULT CELL_FLASH_CACHE DEFAULT)
  TABLESPACE "USERS"  ENABLE;
--------------------------------------------------------
--  Constraints for Table TEMA
--------------------------------------------------------

  ALTER TABLE "PRUEBA"."TEMA" MODIFY ("ID" NOT NULL ENABLE);
  ALTER TABLE "PRUEBA"."TEMA" MODIFY ("NOMBRE" NOT NULL ENABLE);
  ALTER TABLE "PRUEBA"."TEMA" MODIFY ("PLAN_ESTUDIO_ID" NOT NULL ENABLE);
  ALTER TABLE "PRUEBA"."TEMA" ADD CONSTRAINT "TEMA_PK" PRIMARY KEY ("ID")
  USING INDEX PCTFREE 10 INITRANS 2 MAXTRANS 255 COMPUTE STATISTICS 
  STORAGE(INITIAL 65536 NEXT 1048576 MINEXTENTS 1 MAXEXTENTS 2147483645
  PCTINCREASE 0 FREELISTS 1 FREELIST GROUPS 1 BUFFER_POOL DEFAULT FLASH_CACHE DEFAULT CELL_FLASH_CACHE DEFAULT)
  TABLESPACE "USERS"  ENABLE;
--------------------------------------------------------
--  Constraints for Table PERSONA
--------------------------------------------------------

  ALTER TABLE "PRUEBA"."PERSONA" MODIFY ("IDENTIFICACION" CONSTRAINT "NNC_PERSONA_PERSONA_ID" NOT NULL ENABLE);
  ALTER TABLE "PRUEBA"."PERSONA" MODIFY ("NOMBRE" CONSTRAINT "NNC_PERSONA_NOMBRE" NOT NULL ENABLE);
  ALTER TABLE "PRUEBA"."PERSONA" MODIFY ("APELLIDO_MATERNO" CONSTRAINT "NNC_PERSONA_APELLIDO_MATERNO" NOT NULL ENABLE);
  ALTER TABLE "PRUEBA"."PERSONA" MODIFY ("APELLIDO_PATERNO" CONSTRAINT "NNC_PERSONA_APELLIDO_PATERNO" NOT NULL ENABLE);
  ALTER TABLE "PRUEBA"."PERSONA" MODIFY ("EMAIL" CONSTRAINT "NNC_PERSONA_EMAIL" NOT NULL ENABLE);
  ALTER TABLE "PRUEBA"."PERSONA" MODIFY ("CLAVE" NOT NULL ENABLE);
  ALTER TABLE "PRUEBA"."PERSONA" MODIFY ("ROL_ID" NOT NULL ENABLE);
  ALTER TABLE "PRUEBA"."PERSONA" ADD CONSTRAINT "PERSONA_PK" PRIMARY KEY ("IDENTIFICACION")
  USING INDEX PCTFREE 10 INITRANS 2 MAXTRANS 255 COMPUTE STATISTICS 
  STORAGE(INITIAL 65536 NEXT 1048576 MINEXTENTS 1 MAXEXTENTS 2147483645
  PCTINCREASE 0 FREELISTS 1 FREELIST GROUPS 1 BUFFER_POOL DEFAULT FLASH_CACHE DEFAULT CELL_FLASH_CACHE DEFAULT)
  TABLESPACE "USERS"  ENABLE;
  ALTER TABLE "PRUEBA"."PERSONA" ADD CONSTRAINT "PERSONA__UN" UNIQUE ("EMAIL")
  USING INDEX PCTFREE 10 INITRANS 2 MAXTRANS 255 COMPUTE STATISTICS 
  STORAGE(INITIAL 65536 NEXT 1048576 MINEXTENTS 1 MAXEXTENTS 2147483645
  PCTINCREASE 0 FREELISTS 1 FREELIST GROUPS 1 BUFFER_POOL DEFAULT FLASH_CACHE DEFAULT CELL_FLASH_CACHE DEFAULT)
  TABLESPACE "USERS"  ENABLE;
--------------------------------------------------------
--  Constraints for Table PLAN_ESTUDIO
--------------------------------------------------------

  ALTER TABLE "PRUEBA"."PLAN_ESTUDIO" MODIFY ("ID" NOT NULL ENABLE);
  ALTER TABLE "PRUEBA"."PLAN_ESTUDIO" MODIFY ("UNIDADES" NOT NULL ENABLE);
  ALTER TABLE "PRUEBA"."PLAN_ESTUDIO" MODIFY ("CONTENIDO" NOT NULL ENABLE);
  ALTER TABLE "PRUEBA"."PLAN_ESTUDIO" ADD CONSTRAINT "PLAN_ESTUDIO_PK" PRIMARY KEY ("ID")
  USING INDEX PCTFREE 10 INITRANS 2 MAXTRANS 255 COMPUTE STATISTICS 
  STORAGE(INITIAL 65536 NEXT 1048576 MINEXTENTS 1 MAXEXTENTS 2147483645
  PCTINCREASE 0 FREELISTS 1 FREELIST GROUPS 1 BUFFER_POOL DEFAULT FLASH_CACHE DEFAULT CELL_FLASH_CACHE DEFAULT)
  TABLESPACE "USERS"  ENABLE;
--------------------------------------------------------
--  Constraints for Table ESTUDIANTE_GRUPO
--------------------------------------------------------

  ALTER TABLE "PRUEBA"."ESTUDIANTE_GRUPO" MODIFY ("ESTUDIANTE_IDENTIFICACION" NOT NULL ENABLE);
  ALTER TABLE "PRUEBA"."ESTUDIANTE_GRUPO" MODIFY ("GRUPO_ID" NOT NULL ENABLE);
  ALTER TABLE "PRUEBA"."ESTUDIANTE_GRUPO" ADD CONSTRAINT "ESTUDIANTE_GRUPO_PK" PRIMARY KEY ("ESTUDIANTE_IDENTIFICACION", "GRUPO_ID")
  USING INDEX PCTFREE 10 INITRANS 2 MAXTRANS 255 COMPUTE STATISTICS 
  STORAGE(INITIAL 65536 NEXT 1048576 MINEXTENTS 1 MAXEXTENTS 2147483645
  PCTINCREASE 0 FREELISTS 1 FREELIST GROUPS 1 BUFFER_POOL DEFAULT FLASH_CACHE DEFAULT CELL_FLASH_CACHE DEFAULT)
  TABLESPACE "USERS"  ENABLE;
--------------------------------------------------------
--  Constraints for Table ESTUDIANTE
--------------------------------------------------------

  ALTER TABLE "PRUEBA"."ESTUDIANTE" MODIFY ("PERSONA_IDENTIFICACION" NOT NULL ENABLE);
  ALTER TABLE "PRUEBA"."ESTUDIANTE" ADD CONSTRAINT "ESTUDIANTE_PK" PRIMARY KEY ("PERSONA_IDENTIFICACION")
  USING INDEX PCTFREE 10 INITRANS 2 MAXTRANS 255 COMPUTE STATISTICS 
  STORAGE(INITIAL 65536 NEXT 1048576 MINEXTENTS 1 MAXEXTENTS 2147483645
  PCTINCREASE 0 FREELISTS 1 FREELIST GROUPS 1 BUFFER_POOL DEFAULT FLASH_CACHE DEFAULT CELL_FLASH_CACHE DEFAULT)
  TABLESPACE "USERS"  ENABLE;
--------------------------------------------------------
--  Constraints for Table ASIGNATURA
--------------------------------------------------------

  ALTER TABLE "PRUEBA"."ASIGNATURA" MODIFY ("IDASIGNATURA" NOT NULL ENABLE);
  ALTER TABLE "PRUEBA"."ASIGNATURA" MODIFY ("PLAN_ESTUDIO_ID" NOT NULL ENABLE);
  ALTER TABLE "PRUEBA"."ASIGNATURA" ADD CONSTRAINT "ASIGNATURA_PK" PRIMARY KEY ("IDASIGNATURA")
  USING INDEX PCTFREE 10 INITRANS 2 MAXTRANS 255 COMPUTE STATISTICS 
  STORAGE(INITIAL 65536 NEXT 1048576 MINEXTENTS 1 MAXEXTENTS 2147483645
  PCTINCREASE 0 FREELISTS 1 FREELIST GROUPS 1 BUFFER_POOL DEFAULT FLASH_CACHE DEFAULT CELL_FLASH_CACHE DEFAULT)
  TABLESPACE "USERS"  ENABLE;
  ALTER TABLE "PRUEBA"."ASIGNATURA" ADD CONSTRAINT "ASIGNATURA__UN" UNIQUE ("PLAN_ESTUDIO_ID")
  USING INDEX PCTFREE 10 INITRANS 2 MAXTRANS 255 COMPUTE STATISTICS 
  STORAGE(INITIAL 65536 NEXT 1048576 MINEXTENTS 1 MAXEXTENTS 2147483645
  PCTINCREASE 0 FREELISTS 1 FREELIST GROUPS 1 BUFFER_POOL DEFAULT FLASH_CACHE DEFAULT CELL_FLASH_CACHE DEFAULT)
  TABLESPACE "USERS"  ENABLE;
--------------------------------------------------------
--  Constraints for Table BANCO
--------------------------------------------------------

  ALTER TABLE "PRUEBA"."BANCO" MODIFY ("EXAMEN_ID" NOT NULL ENABLE);
  ALTER TABLE "PRUEBA"."BANCO" MODIFY ("PREGUNTA_ID" NOT NULL ENABLE);
  ALTER TABLE "PRUEBA"."BANCO" ADD CONSTRAINT "BANCO_PK" PRIMARY KEY ("EXAMEN_ID", "PREGUNTA_ID")
  USING INDEX PCTFREE 10 INITRANS 2 MAXTRANS 255 COMPUTE STATISTICS 
  STORAGE(INITIAL 65536 NEXT 1048576 MINEXTENTS 1 MAXEXTENTS 2147483645
  PCTINCREASE 0 FREELISTS 1 FREELIST GROUPS 1 BUFFER_POOL DEFAULT FLASH_CACHE DEFAULT CELL_FLASH_CACHE DEFAULT)
  TABLESPACE "USERS"  ENABLE;
--------------------------------------------------------
--  Constraints for Table OPCION
--------------------------------------------------------

  ALTER TABLE "PRUEBA"."OPCION" MODIFY ("ID" NOT NULL ENABLE);
  ALTER TABLE "PRUEBA"."OPCION" MODIFY ("OPCION" NOT NULL ENABLE);
  ALTER TABLE "PRUEBA"."OPCION" MODIFY ("PREGUNTA_ID" NOT NULL ENABLE);
  ALTER TABLE "PRUEBA"."OPCION" ADD CONSTRAINT "OPCION_PK" PRIMARY KEY ("ID")
  USING INDEX PCTFREE 10 INITRANS 2 MAXTRANS 255 COMPUTE STATISTICS 
  STORAGE(INITIAL 65536 NEXT 1048576 MINEXTENTS 1 MAXEXTENTS 2147483645
  PCTINCREASE 0 FREELISTS 1 FREELIST GROUPS 1 BUFFER_POOL DEFAULT FLASH_CACHE DEFAULT CELL_FLASH_CACHE DEFAULT)
  TABLESPACE "USERS"  ENABLE;
--------------------------------------------------------
--  Constraints for Table PREGUNTA
--------------------------------------------------------

  ALTER TABLE "PRUEBA"."PREGUNTA" MODIFY ("ID" NOT NULL ENABLE);
  ALTER TABLE "PRUEBA"."PREGUNTA" MODIFY ("ENUNCIADO" NOT NULL ENABLE);
  ALTER TABLE "PRUEBA"."PREGUNTA" MODIFY ("TIPO_PREGUNTA_ID" NOT NULL ENABLE);
  ALTER TABLE "PRUEBA"."PREGUNTA" MODIFY ("PRIVACIDAD_ID" NOT NULL ENABLE);
  ALTER TABLE "PRUEBA"."PREGUNTA" MODIFY ("TEMA_ID" NOT NULL ENABLE);
  ALTER TABLE "PRUEBA"."PREGUNTA" MODIFY ("DOCENTE_PERSONA_IDENTIFICACION" NOT NULL ENABLE);
  ALTER TABLE "PRUEBA"."PREGUNTA" ADD CONSTRAINT "PREGUNTA_PK" PRIMARY KEY ("ID")
  USING INDEX PCTFREE 10 INITRANS 2 MAXTRANS 255 COMPUTE STATISTICS 
  STORAGE(INITIAL 65536 NEXT 1048576 MINEXTENTS 1 MAXEXTENTS 2147483645
  PCTINCREASE 0 FREELISTS 1 FREELIST GROUPS 1 BUFFER_POOL DEFAULT FLASH_CACHE DEFAULT CELL_FLASH_CACHE DEFAULT)
  TABLESPACE "USERS"  ENABLE;
--------------------------------------------------------
--  Constraints for Table RESPUESTA
--------------------------------------------------------

  ALTER TABLE "PRUEBA"."RESPUESTA" MODIFY ("ID" NOT NULL ENABLE);
  ALTER TABLE "PRUEBA"."RESPUESTA" MODIFY ("RESPUESTA" NOT NULL ENABLE);
  ALTER TABLE "PRUEBA"."RESPUESTA" MODIFY ("PREGUNTA_ID" NOT NULL ENABLE);
  ALTER TABLE "PRUEBA"."RESPUESTA" ADD CONSTRAINT "RESPUESTA_PK" PRIMARY KEY ("ID")
  USING INDEX PCTFREE 10 INITRANS 2 MAXTRANS 255 COMPUTE STATISTICS 
  STORAGE(INITIAL 65536 NEXT 1048576 MINEXTENTS 1 MAXEXTENTS 2147483645
  PCTINCREASE 0 FREELISTS 1 FREELIST GROUPS 1 BUFFER_POOL DEFAULT FLASH_CACHE DEFAULT CELL_FLASH_CACHE DEFAULT)
  TABLESPACE "USERS"  ENABLE;
--------------------------------------------------------
--  Constraints for Table ROL
--------------------------------------------------------

  ALTER TABLE "PRUEBA"."ROL" MODIFY ("ID" NOT NULL ENABLE);
  ALTER TABLE "PRUEBA"."ROL" MODIFY ("NOMBRE" NOT NULL ENABLE);
  ALTER TABLE "PRUEBA"."ROL" ADD CONSTRAINT "ROL_PK" PRIMARY KEY ("ID")
  USING INDEX PCTFREE 10 INITRANS 2 MAXTRANS 255 COMPUTE STATISTICS 
  STORAGE(INITIAL 65536 NEXT 1048576 MINEXTENTS 1 MAXEXTENTS 2147483645
  PCTINCREASE 0 FREELISTS 1 FREELIST GROUPS 1 BUFFER_POOL DEFAULT FLASH_CACHE DEFAULT CELL_FLASH_CACHE DEFAULT)
  TABLESPACE "USERS"  ENABLE;
--------------------------------------------------------
--  Constraints for Table ESTUDIANTE_EXAMEN_BANCO
--------------------------------------------------------

  ALTER TABLE "PRUEBA"."ESTUDIANTE_EXAMEN_BANCO" MODIFY ("EXAMENEST_ID" NOT NULL ENABLE);
  ALTER TABLE "PRUEBA"."ESTUDIANTE_EXAMEN_BANCO" MODIFY ("ESTEXA_ESTUDIANTE_ID" NOT NULL ENABLE);
  ALTER TABLE "PRUEBA"."ESTUDIANTE_EXAMEN_BANCO" MODIFY ("BANCO_EXAMEN_ID" NOT NULL ENABLE);
  ALTER TABLE "PRUEBA"."ESTUDIANTE_EXAMEN_BANCO" MODIFY ("BANCO_PREGUNTA_ID" NOT NULL ENABLE);
  ALTER TABLE "PRUEBA"."ESTUDIANTE_EXAMEN_BANCO" ADD CONSTRAINT "ESTUDIANTE_EXAMEN_BANCO_PK" PRIMARY KEY ("EXAMENEST_ID", "ESTEXA_ESTUDIANTE_ID", "BANCO_EXAMEN_ID", "BANCO_PREGUNTA_ID")
  USING INDEX PCTFREE 10 INITRANS 2 MAXTRANS 255 COMPUTE STATISTICS 
  STORAGE(INITIAL 65536 NEXT 1048576 MINEXTENTS 1 MAXEXTENTS 2147483645
  PCTINCREASE 0 FREELISTS 1 FREELIST GROUPS 1 BUFFER_POOL DEFAULT FLASH_CACHE DEFAULT CELL_FLASH_CACHE DEFAULT)
  TABLESPACE "USERS"  ENABLE;
--------------------------------------------------------
--  Constraints for Table ESTUDIANTE_EXAMEN
--------------------------------------------------------

  ALTER TABLE "PRUEBA"."ESTUDIANTE_EXAMEN" MODIFY ("ESTUDIANTE_IDENTIFICACION" NOT NULL ENABLE);
  ALTER TABLE "PRUEBA"."ESTUDIANTE_EXAMEN" MODIFY ("EXAMENEST_ID" NOT NULL ENABLE);
  ALTER TABLE "PRUEBA"."ESTUDIANTE_EXAMEN" ADD CONSTRAINT "ESTUDIANTE_EXAMEN_PK" PRIMARY KEY ("EXAMENEST_ID", "ESTUDIANTE_IDENTIFICACION")
  USING INDEX PCTFREE 10 INITRANS 2 MAXTRANS 255 COMPUTE STATISTICS 
  STORAGE(INITIAL 65536 NEXT 1048576 MINEXTENTS 1 MAXEXTENTS 2147483645
  PCTINCREASE 0 FREELISTS 1 FREELIST GROUPS 1 BUFFER_POOL DEFAULT FLASH_CACHE DEFAULT CELL_FLASH_CACHE DEFAULT)
  TABLESPACE "USERS"  ENABLE;
--------------------------------------------------------
--  Constraints for Table GRUPO
--------------------------------------------------------

  ALTER TABLE "PRUEBA"."GRUPO" MODIFY ("ID" NOT NULL ENABLE);
  ALTER TABLE "PRUEBA"."GRUPO" MODIFY ("DOCENTE_PERSONA_IDENTIFICACION" NOT NULL ENABLE);
  ALTER TABLE "PRUEBA"."GRUPO" MODIFY ("ASIGNATURA_IDASIGNATURA" NOT NULL ENABLE);
  ALTER TABLE "PRUEBA"."GRUPO" MODIFY ("NOMBRE" NOT NULL ENABLE);
  ALTER TABLE "PRUEBA"."GRUPO" ADD CONSTRAINT "GRUPO_PK" PRIMARY KEY ("ID")
  USING INDEX PCTFREE 10 INITRANS 2 MAXTRANS 255 COMPUTE STATISTICS 
  STORAGE(INITIAL 65536 NEXT 1048576 MINEXTENTS 1 MAXEXTENTS 2147483645
  PCTINCREASE 0 FREELISTS 1 FREELIST GROUPS 1 BUFFER_POOL DEFAULT FLASH_CACHE DEFAULT CELL_FLASH_CACHE DEFAULT)
  TABLESPACE "USERS"  ENABLE;
--------------------------------------------------------
--  Constraints for Table TIPO_PREGUNTA
--------------------------------------------------------

  ALTER TABLE "PRUEBA"."TIPO_PREGUNTA" MODIFY ("ID" NOT NULL ENABLE);
  ALTER TABLE "PRUEBA"."TIPO_PREGUNTA" MODIFY ("TIPO" NOT NULL ENABLE);
  ALTER TABLE "PRUEBA"."TIPO_PREGUNTA" ADD CONSTRAINT "TIPO_PREGUNTA_PK" PRIMARY KEY ("ID")
  USING INDEX PCTFREE 10 INITRANS 2 MAXTRANS 255 COMPUTE STATISTICS 
  STORAGE(INITIAL 65536 NEXT 1048576 MINEXTENTS 1 MAXEXTENTS 2147483645
  PCTINCREASE 0 FREELISTS 1 FREELIST GROUPS 1 BUFFER_POOL DEFAULT FLASH_CACHE DEFAULT CELL_FLASH_CACHE DEFAULT)
  TABLESPACE "USERS"  ENABLE;
--------------------------------------------------------
--  Constraints for Table RESPUESTAS
--------------------------------------------------------

  ALTER TABLE "PRUEBA"."RESPUESTAS" MODIFY ("IDRESPUESTA" NOT NULL ENABLE);
  ALTER TABLE "PRUEBA"."RESPUESTAS" MODIFY ("OPCION_ID" NOT NULL ENABLE);
  ALTER TABLE "PRUEBA"."RESPUESTAS" MODIFY ("ESTEXBAN_EXAMENEST_ID" NOT NULL ENABLE);
  ALTER TABLE "PRUEBA"."RESPUESTAS" MODIFY ("ESTEXBAN_ESTEXA_ESTUDIANTE_ID" NOT NULL ENABLE);
  ALTER TABLE "PRUEBA"."RESPUESTAS" MODIFY ("ESTEXBAN_BANCO_EXAMEN_ID" NOT NULL ENABLE);
  ALTER TABLE "PRUEBA"."RESPUESTAS" MODIFY ("ESTEXBAN_BANCO_PREGUNTA_ID" NOT NULL ENABLE);
  ALTER TABLE "PRUEBA"."RESPUESTAS" ADD CONSTRAINT "RESPUESTAS_PK" PRIMARY KEY ("IDRESPUESTA")
  USING INDEX PCTFREE 10 INITRANS 2 MAXTRANS 255 COMPUTE STATISTICS 
  STORAGE(INITIAL 65536 NEXT 1048576 MINEXTENTS 1 MAXEXTENTS 2147483645
  PCTINCREASE 0 FREELISTS 1 FREELIST GROUPS 1 BUFFER_POOL DEFAULT FLASH_CACHE DEFAULT CELL_FLASH_CACHE DEFAULT)
  TABLESPACE "USERS"  ENABLE;
--------------------------------------------------------
--  Constraints for Table HORARIOO
--------------------------------------------------------

  ALTER TABLE "PRUEBA"."HORARIOO" ADD CONSTRAINT "HORARIO_PK" PRIMARY KEY ("ID")
  USING INDEX PCTFREE 10 INITRANS 2 MAXTRANS 255 COMPUTE STATISTICS 
  STORAGE(INITIAL 65536 NEXT 1048576 MINEXTENTS 1 MAXEXTENTS 2147483645
  PCTINCREASE 0 FREELISTS 1 FREELIST GROUPS 1 BUFFER_POOL DEFAULT FLASH_CACHE DEFAULT CELL_FLASH_CACHE DEFAULT)
  TABLESPACE "USERS"  ENABLE;
  ALTER TABLE "PRUEBA"."HORARIOO" MODIFY ("ID" NOT NULL ENABLE);
  ALTER TABLE "PRUEBA"."HORARIOO" MODIFY ("HORA_INI" NOT NULL ENABLE);
  ALTER TABLE "PRUEBA"."HORARIOO" MODIFY ("HORA_FIN" NOT NULL ENABLE);
  ALTER TABLE "PRUEBA"."HORARIOO" MODIFY ("NUMERO_SALON" NOT NULL ENABLE);
  ALTER TABLE "PRUEBA"."HORARIOO" MODIFY ("GRUPO_ID" NOT NULL ENABLE);
--------------------------------------------------------
--  Constraints for Table DOCENTE
--------------------------------------------------------

  ALTER TABLE "PRUEBA"."DOCENTE" MODIFY ("PERSONA_IDENTIFICACION" NOT NULL ENABLE);
  ALTER TABLE "PRUEBA"."DOCENTE" ADD CONSTRAINT "PROFESOR_PK" PRIMARY KEY ("PERSONA_IDENTIFICACION")
  USING INDEX PCTFREE 10 INITRANS 2 MAXTRANS 255 COMPUTE STATISTICS 
  STORAGE(INITIAL 65536 NEXT 1048576 MINEXTENTS 1 MAXEXTENTS 2147483645
  PCTINCREASE 0 FREELISTS 1 FREELIST GROUPS 1 BUFFER_POOL DEFAULT FLASH_CACHE DEFAULT CELL_FLASH_CACHE DEFAULT)
  TABLESPACE "USERS"  ENABLE;
--------------------------------------------------------
--  Constraints for Table PRIVACIDAD
--------------------------------------------------------

  ALTER TABLE "PRUEBA"."PRIVACIDAD" MODIFY ("ID" NOT NULL ENABLE);
  ALTER TABLE "PRUEBA"."PRIVACIDAD" MODIFY ("TIPO" NOT NULL ENABLE);
  ALTER TABLE "PRUEBA"."PRIVACIDAD" ADD CONSTRAINT "PRIVACIDAD_PK" PRIMARY KEY ("ID")
  USING INDEX PCTFREE 10 INITRANS 2 MAXTRANS 255 COMPUTE STATISTICS 
  STORAGE(INITIAL 65536 NEXT 1048576 MINEXTENTS 1 MAXEXTENTS 2147483645
  PCTINCREASE 0 FREELISTS 1 FREELIST GROUPS 1 BUFFER_POOL DEFAULT FLASH_CACHE DEFAULT CELL_FLASH_CACHE DEFAULT)
  TABLESPACE "USERS"  ENABLE;
--------------------------------------------------------
--  Ref Constraints for Table ASIGNATURA
--------------------------------------------------------

  ALTER TABLE "PRUEBA"."ASIGNATURA" ADD CONSTRAINT "ASIGNATURA_PLAN_ESTUDIO_FK" FOREIGN KEY ("PLAN_ESTUDIO_ID")
	  REFERENCES "PRUEBA"."PLAN_ESTUDIO" ("ID") ENABLE;
--------------------------------------------------------
--  Ref Constraints for Table BANCO
--------------------------------------------------------

  ALTER TABLE "PRUEBA"."BANCO" ADD CONSTRAINT "BANCO_EXAMEN_FK" FOREIGN KEY ("EXAMEN_ID")
	  REFERENCES "PRUEBA"."EXAMEN" ("ID") ENABLE;
  ALTER TABLE "PRUEBA"."BANCO" ADD CONSTRAINT "BANCO_PREGUNTA_FK" FOREIGN KEY ("PREGUNTA_ID")
	  REFERENCES "PRUEBA"."PREGUNTA" ("ID") ENABLE;
--------------------------------------------------------
--  Ref Constraints for Table DOCENTE
--------------------------------------------------------

  ALTER TABLE "PRUEBA"."DOCENTE" ADD CONSTRAINT "PROFESOR_PERSONA_FK" FOREIGN KEY ("PERSONA_IDENTIFICACION")
	  REFERENCES "PRUEBA"."PERSONA" ("IDENTIFICACION") ENABLE;
--------------------------------------------------------
--  Ref Constraints for Table ESTUDIANTE
--------------------------------------------------------

  ALTER TABLE "PRUEBA"."ESTUDIANTE" ADD CONSTRAINT "ESTUDIANTE_PERSONA_FK" FOREIGN KEY ("PERSONA_IDENTIFICACION")
	  REFERENCES "PRUEBA"."PERSONA" ("IDENTIFICACION") ENABLE;
--------------------------------------------------------
--  Ref Constraints for Table ESTUDIANTE_EXAMEN
--------------------------------------------------------

  ALTER TABLE "PRUEBA"."ESTUDIANTE_EXAMEN" ADD CONSTRAINT "ESTUDIANTE_EXAMEN_EXAMEN_FK" FOREIGN KEY ("EXAMENEST_ID")
	  REFERENCES "PRUEBA"."EXAMEN" ("ID") ENABLE;
  ALTER TABLE "PRUEBA"."ESTUDIANTE_EXAMEN" ADD CONSTRAINT "EXAMEN_ESTUDIANTE_FK" FOREIGN KEY ("ESTUDIANTE_IDENTIFICACION")
	  REFERENCES "PRUEBA"."ESTUDIANTE" ("PERSONA_IDENTIFICACION") ENABLE;
--------------------------------------------------------
--  Ref Constraints for Table ESTUDIANTE_EXAMEN_BANCO
--------------------------------------------------------

  ALTER TABLE "PRUEBA"."ESTUDIANTE_EXAMEN_BANCO" ADD CONSTRAINT "ESTEXBAN_BANCO_FK" FOREIGN KEY ("BANCO_EXAMEN_ID", "BANCO_PREGUNTA_ID")
	  REFERENCES "PRUEBA"."BANCO" ("EXAMEN_ID", "PREGUNTA_ID") ENABLE;
  ALTER TABLE "PRUEBA"."ESTUDIANTE_EXAMEN_BANCO" ADD CONSTRAINT "ESTEXBAN_EXAMEN_FK" FOREIGN KEY ("EXAMENEST_ID", "ESTEXA_ESTUDIANTE_ID")
	  REFERENCES "PRUEBA"."ESTUDIANTE_EXAMEN" ("EXAMENEST_ID", "ESTUDIANTE_IDENTIFICACION") ENABLE;
--------------------------------------------------------
--  Ref Constraints for Table ESTUDIANTE_GRUPO
--------------------------------------------------------

  ALTER TABLE "PRUEBA"."ESTUDIANTE_GRUPO" ADD CONSTRAINT "ESTUDIANTE_GRUPO_ESTUDIANTE_FK" FOREIGN KEY ("ESTUDIANTE_IDENTIFICACION")
	  REFERENCES "PRUEBA"."ESTUDIANTE" ("PERSONA_IDENTIFICACION") ENABLE;
  ALTER TABLE "PRUEBA"."ESTUDIANTE_GRUPO" ADD CONSTRAINT "ESTUDIANTE_GRUPO_GRUPO_FK" FOREIGN KEY ("GRUPO_ID")
	  REFERENCES "PRUEBA"."GRUPO" ("ID") ENABLE;
--------------------------------------------------------
--  Ref Constraints for Table EXAMEN
--------------------------------------------------------

  ALTER TABLE "PRUEBA"."EXAMEN" ADD CONSTRAINT "EXAMEN_DOCENTE_FK" FOREIGN KEY ("DOCENTE_PERSONA_IDENTIFICACION")
	  REFERENCES "PRUEBA"."DOCENTE" ("PERSONA_IDENTIFICACION") ENABLE;
  ALTER TABLE "PRUEBA"."EXAMEN" ADD CONSTRAINT "EXAMEN_GRUPO_PK" FOREIGN KEY ("ID_GRUPO")
	  REFERENCES "PRUEBA"."GRUPO" ("ID") ENABLE;
  ALTER TABLE "PRUEBA"."EXAMEN" ADD CONSTRAINT "EXAMEN_TEMA_FK" FOREIGN KEY ("ID_TEMA")
	  REFERENCES "PRUEBA"."TEMA" ("ID") ON DELETE CASCADE ENABLE;
--------------------------------------------------------
--  Ref Constraints for Table GRUPO
--------------------------------------------------------

  ALTER TABLE "PRUEBA"."GRUPO" ADD CONSTRAINT "GRUPO_ASIGNATURA_FK" FOREIGN KEY ("ASIGNATURA_IDASIGNATURA")
	  REFERENCES "PRUEBA"."ASIGNATURA" ("IDASIGNATURA") ENABLE;
  ALTER TABLE "PRUEBA"."GRUPO" ADD CONSTRAINT "GRUPO_DOCENTE_FK" FOREIGN KEY ("DOCENTE_PERSONA_IDENTIFICACION")
	  REFERENCES "PRUEBA"."DOCENTE" ("PERSONA_IDENTIFICACION") ENABLE;
--------------------------------------------------------
--  Ref Constraints for Table HORARIOO
--------------------------------------------------------

  ALTER TABLE "PRUEBA"."HORARIOO" ADD CONSTRAINT "HORARIO_GRUPO_FK" FOREIGN KEY ("GRUPO_ID")
	  REFERENCES "PRUEBA"."GRUPO" ("ID") ENABLE;
--------------------------------------------------------
--  Ref Constraints for Table OPCION
--------------------------------------------------------

  ALTER TABLE "PRUEBA"."OPCION" ADD CONSTRAINT "OPCION_PREGUNTA_FK" FOREIGN KEY ("PREGUNTA_ID")
	  REFERENCES "PRUEBA"."PREGUNTA" ("ID") ENABLE;
--------------------------------------------------------
--  Ref Constraints for Table PERSONA
--------------------------------------------------------

  ALTER TABLE "PRUEBA"."PERSONA" ADD CONSTRAINT "PERSONA_ROL_FK" FOREIGN KEY ("ROL_ID")
	  REFERENCES "PRUEBA"."ROL" ("ID") ENABLE;
--------------------------------------------------------
--  Ref Constraints for Table PREGUNTA
--------------------------------------------------------

  ALTER TABLE "PRUEBA"."PREGUNTA" ADD CONSTRAINT "PREGUNTA_DOCENTE_FK" FOREIGN KEY ("DOCENTE_PERSONA_IDENTIFICACION")
	  REFERENCES "PRUEBA"."DOCENTE" ("PERSONA_IDENTIFICACION") ENABLE;
  ALTER TABLE "PRUEBA"."PREGUNTA" ADD CONSTRAINT "PREGUNTA_PREGUNTA_FK" FOREIGN KEY ("PREGUNTA_ID")
	  REFERENCES "PRUEBA"."PREGUNTA" ("ID") ENABLE;
  ALTER TABLE "PRUEBA"."PREGUNTA" ADD CONSTRAINT "PREGUNTA_PRIVACIDAD_FK" FOREIGN KEY ("PRIVACIDAD_ID")
	  REFERENCES "PRUEBA"."PRIVACIDAD" ("ID") ENABLE;
  ALTER TABLE "PRUEBA"."PREGUNTA" ADD CONSTRAINT "PREGUNTA_TEMA_FK" FOREIGN KEY ("TEMA_ID")
	  REFERENCES "PRUEBA"."TEMA" ("ID") ENABLE;
  ALTER TABLE "PRUEBA"."PREGUNTA" ADD CONSTRAINT "PREGUNTA_TIPO_PREGUNTA_FK" FOREIGN KEY ("TIPO_PREGUNTA_ID")
	  REFERENCES "PRUEBA"."TIPO_PREGUNTA" ("ID") ENABLE;
--------------------------------------------------------
--  Ref Constraints for Table RESPUESTA
--------------------------------------------------------

  ALTER TABLE "PRUEBA"."RESPUESTA" ADD CONSTRAINT "RESPUESTA_PREGUNTA_FK" FOREIGN KEY ("PREGUNTA_ID")
	  REFERENCES "PRUEBA"."PREGUNTA" ("ID") ENABLE;
--------------------------------------------------------
--  Ref Constraints for Table RESPUESTAS
--------------------------------------------------------

  ALTER TABLE "PRUEBA"."RESPUESTAS" ADD CONSTRAINT "RESESTEXABAN_FK" FOREIGN KEY ("ESTEXBAN_EXAMENEST_ID", "ESTEXBAN_ESTEXA_ESTUDIANTE_ID", "ESTEXBAN_BANCO_EXAMEN_ID", "ESTEXBAN_BANCO_PREGUNTA_ID")
	  REFERENCES "PRUEBA"."ESTUDIANTE_EXAMEN_BANCO" ("EXAMENEST_ID", "ESTEXA_ESTUDIANTE_ID", "BANCO_EXAMEN_ID", "BANCO_PREGUNTA_ID") ENABLE;
  ALTER TABLE "PRUEBA"."RESPUESTAS" ADD CONSTRAINT "RESPUESTAS_OPCION_FK" FOREIGN KEY ("OPCION_ID")
	  REFERENCES "PRUEBA"."OPCION" ("ID") ENABLE;
--------------------------------------------------------
--  Ref Constraints for Table TEMA
--------------------------------------------------------

  ALTER TABLE "PRUEBA"."TEMA" ADD CONSTRAINT "TEMA_PLAN_ESTUDIO_FK" FOREIGN KEY ("PLAN_ESTUDIO_ID")
	  REFERENCES "PRUEBA"."PLAN_ESTUDIO" ("ID") ENABLE;
